--------------------------------------------------------
--  File created - Monday-October-06-2025   
--------------------------------------------------------
DROP TABLE "CLIENT_IDENTIFICATIONS" cascade constraints;
DROP TABLE "CLIENTS" cascade constraints;
DROP TABLE "INCOME_CATEGORIES" cascade constraints;
DROP TABLE "INSTRUMENTS" cascade constraints;
DROP TABLE "INVESTMENT_DURATIONS" cascade constraints;
DROP TABLE "INVESTMENT_PREFERENCES" cascade constraints;
DROP TABLE "INVESTMENT_PURPOSES" cascade constraints;
DROP TABLE "ORDERS" cascade constraints;
DROP TABLE "PORTFOLIO_HOLDINGS" cascade constraints;
DROP TABLE "PORTFOLIOS" cascade constraints;
DROP TABLE "PRICES" cascade constraints;
DROP TABLE "RISK_TOLERANCES" cascade constraints;
DROP TABLE "TRADES" cascade constraints;
DROP TABLE "WALLETS" cascade constraints;
--------------------------------------------------------
--  DDL for Table CLIENT_IDENTIFICATIONS
--------------------------------------------------------

  CREATE TABLE "CLIENT_IDENTIFICATIONS" 
   (	"ID" VARCHAR2(255 BYTE), 
	"CLIENTID" VARCHAR2(255 BYTE), 
	"TYPE" VARCHAR2(255 BYTE), 
	"VALUE" VARCHAR2(255 BYTE)
   ) SEGMENT CREATION IMMEDIATE 
  PCTFREE 10 PCTUSED 40 INITRANS 1 MAXTRANS 255 
 NOCOMPRESS LOGGING
  STORAGE(INITIAL 65536 NEXT 1048576 MINEXTENTS 1 MAXEXTENTS 2147483645
  PCTINCREASE 0 FREELISTS 1 FREELIST GROUPS 1
  BUFFER_POOL DEFAULT FLASH_CACHE DEFAULT CELL_FLASH_CACHE DEFAULT)
  TABLESPACE "USERS" ;
--------------------------------------------------------
--  DDL for Table CLIENTS
--------------------------------------------------------

  CREATE TABLE "CLIENTS" 
   (	"CLIENTID" VARCHAR2(255 BYTE), 
	"NAME" VARCHAR2(255 BYTE), 
	"EMAIL" VARCHAR2(255 BYTE), 
	"DATEOFBIRTH" VARCHAR2(255 BYTE), 
	"COUNTRY" VARCHAR2(255 BYTE), 
	"POSTALCODE" VARCHAR2(255 BYTE), 
	"PASSWORD" VARCHAR2(255 BYTE)
   ) SEGMENT CREATION IMMEDIATE 
  PCTFREE 10 PCTUSED 40 INITRANS 1 MAXTRANS 255 
 NOCOMPRESS LOGGING
  STORAGE(INITIAL 65536 NEXT 1048576 MINEXTENTS 1 MAXEXTENTS 2147483645
  PCTINCREASE 0 FREELISTS 1 FREELIST GROUPS 1
  BUFFER_POOL DEFAULT FLASH_CACHE DEFAULT CELL_FLASH_CACHE DEFAULT)
  TABLESPACE "USERS" ;
--------------------------------------------------------
--  DDL for Table INCOME_CATEGORIES
--------------------------------------------------------

  CREATE TABLE "INCOME_CATEGORIES" 
   (	"ID" NUMBER GENERATED BY DEFAULT AS IDENTITY MINVALUE 1 MAXVALUE 9999999999999999999999999999 INCREMENT BY 1 START WITH 1 CACHE 20 NOORDER  NOCYCLE  NOKEEP  NOSCALE , 
	"RANGE" VARCHAR2(255 BYTE)
   ) SEGMENT CREATION IMMEDIATE 
  PCTFREE 10 PCTUSED 40 INITRANS 1 MAXTRANS 255 
 NOCOMPRESS LOGGING
  STORAGE(INITIAL 65536 NEXT 1048576 MINEXTENTS 1 MAXEXTENTS 2147483645
  PCTINCREASE 0 FREELISTS 1 FREELIST GROUPS 1
  BUFFER_POOL DEFAULT FLASH_CACHE DEFAULT CELL_FLASH_CACHE DEFAULT)
  TABLESPACE "USERS" ;
--------------------------------------------------------
--  DDL for Table INSTRUMENTS
--------------------------------------------------------

  CREATE TABLE "INSTRUMENTS" 
   (	"INSTRUMENTID" VARCHAR2(255 BYTE), 
	"DESCRIPTION" VARCHAR2(255 BYTE), 
	"EXTERNALIDTYPE" VARCHAR2(255 BYTE), 
	"EXTERNALID" VARCHAR2(255 BYTE), 
	"CATEGORYID" VARCHAR2(255 BYTE), 
	"MINQUANTITY" NUMBER, 
	"MAXQUANTITY" NUMBER
   ) SEGMENT CREATION IMMEDIATE 
  PCTFREE 10 PCTUSED 40 INITRANS 1 MAXTRANS 255 
 NOCOMPRESS LOGGING
  STORAGE(INITIAL 65536 NEXT 1048576 MINEXTENTS 1 MAXEXTENTS 2147483645
  PCTINCREASE 0 FREELISTS 1 FREELIST GROUPS 1
  BUFFER_POOL DEFAULT FLASH_CACHE DEFAULT CELL_FLASH_CACHE DEFAULT)
  TABLESPACE "USERS" ;
--------------------------------------------------------
--  DDL for Table INVESTMENT_DURATIONS
--------------------------------------------------------

  CREATE TABLE "INVESTMENT_DURATIONS" 
   (	"ID" NUMBER GENERATED BY DEFAULT AS IDENTITY MINVALUE 1 MAXVALUE 9999999999999999999999999999 INCREMENT BY 1 START WITH 1 CACHE 20 NOORDER  NOCYCLE  NOKEEP  NOSCALE , 
	"DURATION" VARCHAR2(255 BYTE)
   ) SEGMENT CREATION IMMEDIATE 
  PCTFREE 10 PCTUSED 40 INITRANS 1 MAXTRANS 255 
 NOCOMPRESS LOGGING
  STORAGE(INITIAL 65536 NEXT 1048576 MINEXTENTS 1 MAXEXTENTS 2147483645
  PCTINCREASE 0 FREELISTS 1 FREELIST GROUPS 1
  BUFFER_POOL DEFAULT FLASH_CACHE DEFAULT CELL_FLASH_CACHE DEFAULT)
  TABLESPACE "USERS" ;
--------------------------------------------------------
--  DDL for Table INVESTMENT_PREFERENCES
--------------------------------------------------------

  CREATE TABLE "INVESTMENT_PREFERENCES" 
   (	"CLIENTID" VARCHAR2(255 BYTE), 
	"INVESTMENT_PURPOSE_ID" NUMBER, 
	"RISK_TOLERANCE_ID" NUMBER, 
	"INCOME_CATEGORY_ID" NUMBER, 
	"INVESTMENT_DURATION_ID" NUMBER, 
	"ACCEPTEDTERMS" NUMBER(1,0)
   ) SEGMENT CREATION IMMEDIATE 
  PCTFREE 10 PCTUSED 40 INITRANS 1 MAXTRANS 255 
 NOCOMPRESS LOGGING
  STORAGE(INITIAL 65536 NEXT 1048576 MINEXTENTS 1 MAXEXTENTS 2147483645
  PCTINCREASE 0 FREELISTS 1 FREELIST GROUPS 1
  BUFFER_POOL DEFAULT FLASH_CACHE DEFAULT CELL_FLASH_CACHE DEFAULT)
  TABLESPACE "USERS" ;
--------------------------------------------------------
--  DDL for Table INVESTMENT_PURPOSES
--------------------------------------------------------

  CREATE TABLE "INVESTMENT_PURPOSES" 
   (	"ID" NUMBER GENERATED BY DEFAULT AS IDENTITY MINVALUE 1 MAXVALUE 9999999999999999999999999999 INCREMENT BY 1 START WITH 1 CACHE 20 NOORDER  NOCYCLE  NOKEEP  NOSCALE , 
	"PURPOSE" VARCHAR2(255 BYTE)
   ) SEGMENT CREATION IMMEDIATE 
  PCTFREE 10 PCTUSED 40 INITRANS 1 MAXTRANS 255 
 NOCOMPRESS LOGGING
  STORAGE(INITIAL 65536 NEXT 1048576 MINEXTENTS 1 MAXEXTENTS 2147483645
  PCTINCREASE 0 FREELISTS 1 FREELIST GROUPS 1
  BUFFER_POOL DEFAULT FLASH_CACHE DEFAULT CELL_FLASH_CACHE DEFAULT)
  TABLESPACE "USERS" ;
--------------------------------------------------------
--  DDL for Table ORDERS
--------------------------------------------------------

  CREATE TABLE "ORDERS" 
   (	"ORDERID" VARCHAR2(255 BYTE), 
	"INSTRUMENTID" VARCHAR2(255 BYTE), 
	"QUANTITY" NUMBER, 
	"TARGETPRICE" NUMBER, 
	"DIRECTION" VARCHAR2(255 BYTE), 
	"CLIENTID" VARCHAR2(255 BYTE)
   ) SEGMENT CREATION IMMEDIATE 
  PCTFREE 10 PCTUSED 40 INITRANS 1 MAXTRANS 255 
 NOCOMPRESS LOGGING
  STORAGE(INITIAL 65536 NEXT 1048576 MINEXTENTS 1 MAXEXTENTS 2147483645
  PCTINCREASE 0 FREELISTS 1 FREELIST GROUPS 1
  BUFFER_POOL DEFAULT FLASH_CACHE DEFAULT CELL_FLASH_CACHE DEFAULT)
  TABLESPACE "USERS" ;
--------------------------------------------------------
--  DDL for Table PORTFOLIO_HOLDINGS
--------------------------------------------------------

  CREATE TABLE "PORTFOLIO_HOLDINGS" 
   (	"HOLDINGID" NUMBER GENERATED BY DEFAULT AS IDENTITY MINVALUE 1 MAXVALUE 9999999999999999999999999999 INCREMENT BY 1 START WITH 1 CACHE 20 NOORDER  NOCYCLE  NOKEEP  NOSCALE , 
	"PORTFOLIOID" VARCHAR2(255 BYTE), 
	"INSTRUMENTID" VARCHAR2(255 BYTE), 
	"QUANTITY" NUMBER
   ) SEGMENT CREATION IMMEDIATE 
  PCTFREE 10 PCTUSED 40 INITRANS 1 MAXTRANS 255 
 NOCOMPRESS LOGGING
  STORAGE(INITIAL 65536 NEXT 1048576 MINEXTENTS 1 MAXEXTENTS 2147483645
  PCTINCREASE 0 FREELISTS 1 FREELIST GROUPS 1
  BUFFER_POOL DEFAULT FLASH_CACHE DEFAULT CELL_FLASH_CACHE DEFAULT)
  TABLESPACE "USERS" ;
--------------------------------------------------------
--  DDL for Table PORTFOLIOS
--------------------------------------------------------

  CREATE TABLE "PORTFOLIOS" 
   (	"CLIENTID" VARCHAR2(255 BYTE)
   ) SEGMENT CREATION IMMEDIATE 
  PCTFREE 10 PCTUSED 40 INITRANS 1 MAXTRANS 255 
 NOCOMPRESS LOGGING
  STORAGE(INITIAL 65536 NEXT 1048576 MINEXTENTS 1 MAXEXTENTS 2147483645
  PCTINCREASE 0 FREELISTS 1 FREELIST GROUPS 1
  BUFFER_POOL DEFAULT FLASH_CACHE DEFAULT CELL_FLASH_CACHE DEFAULT)
  TABLESPACE "USERS" ;
--------------------------------------------------------
--  DDL for Table PRICES
--------------------------------------------------------

  CREATE TABLE "PRICES" 
   (	"INSTRUMENTID" VARCHAR2(255 BYTE), 
	"BIDPRICE" NUMBER, 
	"ASKPRICE" NUMBER, 
	"TIMESTAMP" TIMESTAMP (6)
   ) SEGMENT CREATION IMMEDIATE 
  PCTFREE 10 PCTUSED 40 INITRANS 1 MAXTRANS 255 
 NOCOMPRESS LOGGING
  STORAGE(INITIAL 65536 NEXT 1048576 MINEXTENTS 1 MAXEXTENTS 2147483645
  PCTINCREASE 0 FREELISTS 1 FREELIST GROUPS 1
  BUFFER_POOL DEFAULT FLASH_CACHE DEFAULT CELL_FLASH_CACHE DEFAULT)
  TABLESPACE "USERS" ;
--------------------------------------------------------
--  DDL for Table RISK_TOLERANCES
--------------------------------------------------------

  CREATE TABLE "RISK_TOLERANCES" 
   (	"ID" NUMBER GENERATED BY DEFAULT AS IDENTITY MINVALUE 1 MAXVALUE 9999999999999999999999999999 INCREMENT BY 1 START WITH 1 CACHE 20 NOORDER  NOCYCLE  NOKEEP  NOSCALE , 
	"NAME" VARCHAR2(255 BYTE)
   ) SEGMENT CREATION IMMEDIATE 
  PCTFREE 10 PCTUSED 40 INITRANS 1 MAXTRANS 255 
 NOCOMPRESS LOGGING
  STORAGE(INITIAL 65536 NEXT 1048576 MINEXTENTS 1 MAXEXTENTS 2147483645
  PCTINCREASE 0 FREELISTS 1 FREELIST GROUPS 1
  BUFFER_POOL DEFAULT FLASH_CACHE DEFAULT CELL_FLASH_CACHE DEFAULT)
  TABLESPACE "USERS" ;
--------------------------------------------------------
--  DDL for Table TRADES
--------------------------------------------------------

  CREATE TABLE "TRADES" 
   (	"TRADEID" VARCHAR2(255 BYTE), 
	"INSTRUMENTID" VARCHAR2(255 BYTE), 
	"QUANTITY" NUMBER, 
	"EXECUTIONPRICE" NUMBER, 
	"DIRECTION" VARCHAR2(255 BYTE), 
	"CLIENTID" VARCHAR2(255 BYTE), 
	"ORDERID" VARCHAR2(255 BYTE), 
	"CASHVALUE" NUMBER, 
	"TIMESTAMP" TIMESTAMP (6)
   ) SEGMENT CREATION IMMEDIATE 
  PCTFREE 10 PCTUSED 40 INITRANS 1 MAXTRANS 255 
 NOCOMPRESS LOGGING
  STORAGE(INITIAL 65536 NEXT 1048576 MINEXTENTS 1 MAXEXTENTS 2147483645
  PCTINCREASE 0 FREELISTS 1 FREELIST GROUPS 1
  BUFFER_POOL DEFAULT FLASH_CACHE DEFAULT CELL_FLASH_CACHE DEFAULT)
  TABLESPACE "USERS" ;
--------------------------------------------------------
--  DDL for Table WALLETS
--------------------------------------------------------

  CREATE TABLE "WALLETS" 
   (	"CLIENTID" VARCHAR2(255 BYTE), 
	"BALANCE" NUMBER
   ) SEGMENT CREATION IMMEDIATE 
  PCTFREE 10 PCTUSED 40 INITRANS 1 MAXTRANS 255 
 NOCOMPRESS LOGGING
  STORAGE(INITIAL 65536 NEXT 1048576 MINEXTENTS 1 MAXEXTENTS 2147483645
  PCTINCREASE 0 FREELISTS 1 FREELIST GROUPS 1
  BUFFER_POOL DEFAULT FLASH_CACHE DEFAULT CELL_FLASH_CACHE DEFAULT)
  TABLESPACE "USERS" ;
REM INSERTING into CLIENT_IDENTIFICATIONS
SET DEFINE OFF;
Insert into CLIENT_IDENTIFICATIONS (ID,CLIENTID,TYPE,VALUE) values ('c45a144a-ca9f-4ccc-9c02-5d5e4435233a','C18','PASSPORT','Z13245386');
Insert into CLIENT_IDENTIFICATIONS (ID,CLIENTID,TYPE,VALUE) values ('2b74ba9c-5f3b-4451-afd6-32109c4ebe06','C19','PASSPORT','Z13245387');
Insert into CLIENT_IDENTIFICATIONS (ID,CLIENTID,TYPE,VALUE) values ('8e7f1fc9-429b-4e13-9f9d-09718855c558','C21','Aadhar','678901234567');
Insert into CLIENT_IDENTIFICATIONS (ID,CLIENTID,TYPE,VALUE) values ('1963febb-0892-4f23-b4f7-cec7d2559eb1','C001','Licssss','D1234e3157');
Insert into CLIENT_IDENTIFICATIONS (ID,CLIENTID,TYPE,VALUE) values ('8c2d08e4-39b1-4394-87a4-eceb9c054776','C29','Aadhar','1111111612312');
Insert into CLIENT_IDENTIFICATIONS (ID,CLIENTID,TYPE,VALUE) values ('36b19961-ebad-411b-a51b-1735171af832','C30','PPS','12121221');
Insert into CLIENT_IDENTIFICATIONS (ID,CLIENTID,TYPE,VALUE) values ('0d46e54f-ce76-4906-affe-da11c68dcb58','C17','PASSPORT','Z13245385');
Insert into CLIENT_IDENTIFICATIONS (ID,CLIENTID,TYPE,VALUE) values ('b1af5f0c-5531-4a74-8248-5a3e5b5c1be5','C22','Aadhar','123456789101');
Insert into CLIENT_IDENTIFICATIONS (ID,CLIENTID,TYPE,VALUE) values ('8f2a8249-2c69-4b93-ab49-3567459bd000','C23','Aadhar','111111111111');
Insert into CLIENT_IDENTIFICATIONS (ID,CLIENTID,TYPE,VALUE) values ('9ca6517c-152b-4200-8bf6-34bd03214f82','C24','Aadhar','111111111112');
Insert into CLIENT_IDENTIFICATIONS (ID,CLIENTID,TYPE,VALUE) values ('7116b72e-c30e-4271-9151-9adce8017568','C25','Aadhar','111111131112');
Insert into CLIENT_IDENTIFICATIONS (ID,CLIENTID,TYPE,VALUE) values ('6cc86e4d-3845-4575-a8e0-ac4bfe390395','C26','Aadhar','111111161112');
Insert into CLIENT_IDENTIFICATIONS (ID,CLIENTID,TYPE,VALUE) values ('8c36ec53-3ada-4478-969b-377af0123b25','C28','SSN','204511230');
Insert into CLIENT_IDENTIFICATIONS (ID,CLIENTID,TYPE,VALUE) values ('2907f22b-a949-459d-b1c6-520ca00f9823','C001','2121','21121212');
Insert into CLIENT_IDENTIFICATIONS (ID,CLIENTID,TYPE,VALUE) values ('7080835c-1612-42b2-921e-499105861fb4','C32','Aadhar','213e2w3213w2');
Insert into CLIENT_IDENTIFICATIONS (ID,CLIENTID,TYPE,VALUE) values ('a105dff8-0e0a-4bb2-9fe8-073b60bdb0c6','C001','SSN','D1234215712');
Insert into CLIENT_IDENTIFICATIONS (ID,CLIENTID,TYPE,VALUE) values ('b6a16e17-51ab-4b90-bc22-ec8701efb8e1','C16','PASSPORT','Z13245380');
Insert into CLIENT_IDENTIFICATIONS (ID,CLIENTID,TYPE,VALUE) values ('d118bbae-edcb-4f23-94bb-866a5e061f1e','C001','Driver Liscence','D1234157');
Insert into CLIENT_IDENTIFICATIONS (ID,CLIENTID,TYPE,VALUE) values ('228cf478-330b-4d93-a801-cc8a04e88b16','C15','PASSPORT','Z13245389');
Insert into CLIENT_IDENTIFICATIONS (ID,CLIENTID,TYPE,VALUE) values ('759e8c81-626d-447d-8fec-c8423ed67b51','C27','Aadhar','1111111612112');
Insert into CLIENT_IDENTIFICATIONS (ID,CLIENTID,TYPE,VALUE) values ('7eb50660-9b6e-471d-94d9-d050418d0918','C27','d32e23','e32e23e23');
Insert into CLIENT_IDENTIFICATIONS (ID,CLIENTID,TYPE,VALUE) values ('dff65e79-de31-4bd3-824a-d789ed4e362c','C31','SIN','21eed32e2');
Insert into CLIENT_IDENTIFICATIONS (ID,CLIENTID,TYPE,VALUE) values ('d0a99238-aa16-412c-bba6-7f4490113929','C36','CitizenCard','w212ds23sdes21es');
Insert into CLIENT_IDENTIFICATIONS (ID,CLIENTID,TYPE,VALUE) values ('17b37445-cb7c-44f1-98df-13df4de2577e','C13','Passport','Z13345379');
Insert into CLIENT_IDENTIFICATIONS (ID,CLIENTID,TYPE,VALUE) values ('0a008e67-5ece-4749-a203-06c2178262ca','C14','PASSPORT','Z13245379');
Insert into CLIENT_IDENTIFICATIONS (ID,CLIENTID,TYPE,VALUE) values ('557c7b01-458b-481a-b103-9ac82b0aac41','C20','SSN','111111111');
Insert into CLIENT_IDENTIFICATIONS (ID,CLIENTID,TYPE,VALUE) values ('64e0a07e-e38b-42cf-bf05-e17bd7cca7eb','C001','DASA','21232321121');
Insert into CLIENT_IDENTIFICATIONS (ID,CLIENTID,TYPE,VALUE) values ('d83f8625-c06a-4ede-afb8-5eaedd619112','C27','SSN','2121212331212');
Insert into CLIENT_IDENTIFICATIONS (ID,CLIENTID,TYPE,VALUE) values ('38035be1-db85-4aa1-86b7-cab3082d88ee','C33','SSN','w2121321e');
Insert into CLIENT_IDENTIFICATIONS (ID,CLIENTID,TYPE,VALUE) values ('c259d445-409c-4e74-8852-64cc79e49151','C34','SSN','21w21ew21');
Insert into CLIENT_IDENTIFICATIONS (ID,CLIENTID,TYPE,VALUE) values ('5504e1ad-8c40-41de-b57a-2097834d81f4','C35','PPS','1233212w');
REM INSERTING into CLIENTS
SET DEFINE OFF;
Insert into CLIENTS (CLIENTID,NAME,EMAIL,DATEOFBIRTH,COUNTRY,POSTALCODE,PASSWORD) values ('C19','Charlie Brown','charlif.y@example.com','2006-04-28','USA','54321','Password123!');
Insert into CLIENTS (CLIENTID,NAME,EMAIL,DATEOFBIRTH,COUNTRY,POSTALCODE,PASSWORD) values ('C18','Charlie Brown','charlie.y@example.com','2006-04-28','USA','54321','Password123!');
Insert into CLIENTS (CLIENTID,NAME,EMAIL,DATEOFBIRTH,COUNTRY,POSTALCODE,PASSWORD) values ('C21','SS','shreya@yahoo.com','2003-07-15','India','560010','shreya123$');
Insert into CLIENTS (CLIENTID,NAME,EMAIL,DATEOFBIRTH,COUNTRY,POSTALCODE,PASSWORD) values ('C29','Charlie Brown','charlifusu.sl@example.com','2003-04-28','INDIA','54321','$2a$10$KTY04.atX1gKhQeesDjUeOFVrgg.s3tcphW6Kys6PHXNC.TgScD/e');
Insert into CLIENTS (CLIENTID,NAME,EMAIL,DATEOFBIRTH,COUNTRY,POSTALCODE,PASSWORD) values ('C30','Dhruv','user2213@example.com','2003-02-11','Ireland','2111232','$2a$10$Pc1j5qPTenAc.39pSUKm/.i6u2F5VYDC6eYWN5tOu4S47zJCoLcKO');
Insert into CLIENTS (CLIENTID,NAME,EMAIL,DATEOFBIRTH,COUNTRY,POSTALCODE,PASSWORD) values ('C17','Charlie Brown','charlie.s@example.com','2006-04-28','USA','54321','Password123!');
Insert into CLIENTS (CLIENTID,NAME,EMAIL,DATEOFBIRTH,COUNTRY,POSTALCODE,PASSWORD) values ('C22','Sanjjiit','sanjjit@gmail.com','2003-01-04','India','600040','Aaaaaaaaa@12');
Insert into CLIENTS (CLIENTID,NAME,EMAIL,DATEOFBIRTH,COUNTRY,POSTALCODE,PASSWORD) values ('C23','Charlie Brown','charlifuu.y@example.com','2003-04-28','INDIA','54321','Sanjjit@123');
Insert into CLIENTS (CLIENTID,NAME,EMAIL,DATEOFBIRTH,COUNTRY,POSTALCODE,PASSWORD) values ('C24','Charlie Brown','charlifuu.ss@example.com','2003-04-28','INDIA','54321','Sanjjit@123');
Insert into CLIENTS (CLIENTID,NAME,EMAIL,DATEOFBIRTH,COUNTRY,POSTALCODE,PASSWORD) values ('C25','Charlie Brown','charlifusu.ss@example.com','2003-04-28','INDIA','54321','$2a$10$GFoUTuoRAz6cYfJ./hW48eNenZrUk5vbiFQa9sjffTQVM/TS8axpS');
Insert into CLIENTS (CLIENTID,NAME,EMAIL,DATEOFBIRTH,COUNTRY,POSTALCODE,PASSWORD) values ('C26','Charlie Brown','charlifusu.sd@example.com','2003-04-28','INDIA','54321','$2a$10$ZEIf/Y5bIkNWvXitng5Lc.URF8.Yqch6KdlO7/aJK.wPxBnuSYDR2');
Insert into CLIENTS (CLIENTID,NAME,EMAIL,DATEOFBIRTH,COUNTRY,POSTALCODE,PASSWORD) values ('C28','dhruv','dhruv69@gmail.com','2003-12-21','United States','234567','$2a$10$NSQSsS/xZ011UCVanZjwCOAvluVmNH1ii3gTfRFrmL8hGFy1HLMhC');
Insert into CLIENTS (CLIENTID,NAME,EMAIL,DATEOFBIRTH,COUNTRY,POSTALCODE,PASSWORD) values ('C32','dh','dhruv121@gmail.com','2003-12-02','India','212312','$2a$10$8Y3oUj59nvgS34B0F12weugeZiieCzpHgPBOCgs9tI4K.o218eSwa');
Insert into CLIENTS (CLIENTID,NAME,EMAIL,DATEOFBIRTH,COUNTRY,POSTALCODE,PASSWORD) values ('C31','Dhruv','dhruv1223@gmail.com','2003-12-21','Canada','211231','$2a$10$6qetbGTYwmUrnzmmeaxYf.kirIsq2gYjg1xS6q/91F8simrPsuvSu');
Insert into CLIENTS (CLIENTID,NAME,EMAIL,DATEOFBIRTH,COUNTRY,POSTALCODE,PASSWORD) values ('C15','Charlie Brown','charlie.a@example.com','2001-04-28','USA','54321','Password123!');
Insert into CLIENTS (CLIENTID,NAME,EMAIL,DATEOFBIRTH,COUNTRY,POSTALCODE,PASSWORD) values ('C16','Charlie Brown','charlie.q@example.com','2006-04-28','USA','54321','Password123!');
Insert into CLIENTS (CLIENTID,NAME,EMAIL,DATEOFBIRTH,COUNTRY,POSTALCODE,PASSWORD) values ('C27','Dhruv Choudharyeee','charlifusu.sk@example.com','2003-04-28','USA','54322','$2a$10$BDYS3ZcZjqLkJXxlpVc2BOb0YRKCB84OTJruj8RSqPqeU6WjDGKNy');
Insert into CLIENTS (CLIENTID,NAME,EMAIL,DATEOFBIRTH,COUNTRY,POSTALCODE,PASSWORD) values ('C36','eedud','admin2132@gmail.com','2003-12-12','United Kingdom','2112332','$2a$10$pfukXX0Oc55LwRozNfQXquw3P4fWJDn4s8D9yRLG1QtOIh9acXaKm');
Insert into CLIENTS (CLIENTID,NAME,EMAIL,DATEOFBIRTH,COUNTRY,POSTALCODE,PASSWORD) values ('C002','Bob Williams','bob.w@example.com','1992-08-15','USA','90210','hashed_password_2');
Insert into CLIENTS (CLIENTID,NAME,EMAIL,DATEOFBIRTH,COUNTRY,POSTALCODE,PASSWORD) values ('C003','Charlie Brown','charlie.b@example.com','1990-01-01','USA','60601','hashed_password_3');
Insert into CLIENTS (CLIENTID,NAME,EMAIL,DATEOFBIRTH,COUNTRY,POSTALCODE,PASSWORD) values ('C004','Diana Prince','diana.p@example.com','1970-03-22','USA','20001','hashed_password_4');
Insert into CLIENTS (CLIENTID,NAME,EMAIL,DATEOFBIRTH,COUNTRY,POSTALCODE,PASSWORD) values ('C005','Ethan Hunt','ethan.h@example.com','1964-07-03','USA','90028','hashed_password_5');
Insert into CLIENTS (CLIENTID,NAME,EMAIL,DATEOFBIRTH,COUNTRY,POSTALCODE,PASSWORD) values ('C006','Fiona Glenanne','fiona.g@example.com','1975-11-11','USA','33101','hashed_password_6');
Insert into CLIENTS (CLIENTID,NAME,EMAIL,DATEOFBIRTH,COUNTRY,POSTALCODE,PASSWORD) values ('C007','George Costanza','george.c@example.com','1959-09-23','USA','10023','hashed_password_7');
Insert into CLIENTS (CLIENTID,NAME,EMAIL,DATEOFBIRTH,COUNTRY,POSTALCODE,PASSWORD) values ('C008','Hannah Montana','hannah.m@example.com','1992-11-23','USA','90265','hashed_password_8');
Insert into CLIENTS (CLIENTID,NAME,EMAIL,DATEOFBIRTH,COUNTRY,POSTALCODE,PASSWORD) values ('C009','Indiana Jones','indy.j@example.com','1936-07-01','USA','06510','hashed_password_9');
Insert into CLIENTS (CLIENTID,NAME,EMAIL,DATEOFBIRTH,COUNTRY,POSTALCODE,PASSWORD) values ('C010','Jack Sparrow','jack.s@example.com','1700-01-01','USA','33040','hashed_password_10');
Insert into CLIENTS (CLIENTID,NAME,EMAIL,DATEOFBIRTH,COUNTRY,POSTALCODE,PASSWORD) values ('C011','Client 11','client.11@example.com','1990-01-01','USA','10001','hashed_password_11');
Insert into CLIENTS (CLIENTID,NAME,EMAIL,DATEOFBIRTH,COUNTRY,POSTALCODE,PASSWORD) values ('C060','Client 60','client.60@example.com','1990-01-01','USA','10001','hashed_password_60');
Insert into CLIENTS (CLIENTID,NAME,EMAIL,DATEOFBIRTH,COUNTRY,POSTALCODE,PASSWORD) values ('C001','Alice J','alice.j@example.com','1985-05-20','USA','20001','$2a$10$VdZAuklQfJcr/AmgMEcNROYkdHd3K9fITOHOSSW6Fz463uB4sSu6O');
Insert into CLIENTS (CLIENTID,NAME,EMAIL,DATEOFBIRTH,COUNTRY,POSTALCODE,PASSWORD) values ('C20','Dhruv','dhruv@gmail.com','2003-12-21','United States','212121','$2a$10$aX0Rr7cm.IqvgZ64kcpqReCuMQa02Y5P5AdR38kGiBZZ3msEhkqSa');
Insert into CLIENTS (CLIENTID,NAME,EMAIL,DATEOFBIRTH,COUNTRY,POSTALCODE,PASSWORD) values ('C13','Charlie Brown','charlie.t@example.com','2002-04-28','USA','54321','Password123!');
Insert into CLIENTS (CLIENTID,NAME,EMAIL,DATEOFBIRTH,COUNTRY,POSTALCODE,PASSWORD) values ('C14','Charlie Brown','charlie.l@example.com','2001-04-28','USA','54321','Password123!');
Insert into CLIENTS (CLIENTID,NAME,EMAIL,DATEOFBIRTH,COUNTRY,POSTALCODE,PASSWORD) values ('C33','Dhruv Choudhary','admin60@gmail.com','2003-12-21','United States','212121','$2a$10$TLTskHheib32e4THBHEwY.8YEyZoNB9Ar07VERrRvM89Um5KmGdFi');
Insert into CLIENTS (CLIENTID,NAME,EMAIL,DATEOFBIRTH,COUNTRY,POSTALCODE,PASSWORD) values ('C34','Dhruv','admin102@example.com','2003-12-20','United States','232112','$2a$10$Td85/DVz/WmuNIcoXnZZCOhRpeLdO3atrPigu6A0Jumgz8dMwEAv2');
Insert into CLIENTS (CLIENTID,NAME,EMAIL,DATEOFBIRTH,COUNTRY,POSTALCODE,PASSWORD) values ('C35','admin','admin61@gmail.com','2003-02-11','Ireland','121223','$2a$10$jl.6zEI/ca1pZyXyMl3VBepEh7Xe0G8bJVn/pNTuzfqkNZyI8DU0W');
REM INSERTING into INCOME_CATEGORIES
SET DEFINE OFF;
Insert into INCOME_CATEGORIES (ID,RANGE) values (1,'RANGE_0_20000');
Insert into INCOME_CATEGORIES (ID,RANGE) values (2,'RANGE_20001_40000');
Insert into INCOME_CATEGORIES (ID,RANGE) values (3,'RANGE_40001_60000');
Insert into INCOME_CATEGORIES (ID,RANGE) values (4,'RANGE_60001_80000');
Insert into INCOME_CATEGORIES (ID,RANGE) values (5,'RANGE_80001_100000');
Insert into INCOME_CATEGORIES (ID,RANGE) values (6,'RANGE_100000_150000');
Insert into INCOME_CATEGORIES (ID,RANGE) values (7,'RANGE_150000_PLUS');
REM INSERTING into INSTRUMENTS
SET DEFINE OFF;
INSERT INTO INSTRUMENTS ("INSTRUMENTID", "DESCRIPTION", "EXTERNALIDTYPE", "EXTERNALID", "CATEGORYID", "MINQUANTITY", "MAXQUANTITY") VALUES ('Q123', 'Alphabet Inc. Class C Capital Stock', 'CUSIP', '02079K107', 'STOCK', 1, 1000);
INSERT INTO INSTRUMENTS ("INSTRUMENTID", "DESCRIPTION", "EXTERNALIDTYPE", "EXTERNALID", "CATEGORYID", "MINQUANTITY", "MAXQUANTITY") VALUES ('Q456', 'Tesla, Inc. Common Stock', 'CUSIP', '88160R101', 'STOCK', 1, 1000);
INSERT INTO INSTRUMENTS ("INSTRUMENTID", "DESCRIPTION", "EXTERNALIDTYPE", "EXTERNALID", "CATEGORYID", "MINQUANTITY", "MAXQUANTITY") VALUES ('N123456', 'JPMorgan Chase & Co. Capital Stock', 'CUSIP', '46625H100', 'STOCK', 1, 1000);
INSERT INTO INSTRUMENTS ("INSTRUMENTID", "DESCRIPTION", "EXTERNALIDTYPE", "EXTERNALID", "CATEGORYID", "MINQUANTITY", "MAXQUANTITY") VALUES ('N123789', 'Berkshire Hathaway Inc. Class A', 'ISIN', 'US0846707026', 'STOCK', 1, 10);
INSERT INTO INSTRUMENTS ("INSTRUMENTID", "DESCRIPTION", "EXTERNALIDTYPE", "EXTERNALID", "CATEGORYID", "MINQUANTITY", "MAXQUANTITY") VALUES ('C100', 'JPMorgan Chase Bank, National Association 01/19', 'CUSIP', '48123Y5A0', 'CD', 100, 1000);
INSERT INTO INSTRUMENTS ("INSTRUMENTID", "DESCRIPTION", "EXTERNALIDTYPE", "EXTERNALID", "CATEGORYID", "MINQUANTITY", "MAXQUANTITY") VALUES ('T67890', 'USA, Note 3.125 15nov2028 10Y', 'CUSIP', '9128285M8', 'GOVT', 100, 10000);
INSERT INTO INSTRUMENTS ("INSTRUMENTID", "DESCRIPTION", "EXTERNALIDTYPE", "EXTERNALID", "CATEGORYID", "MINQUANTITY", "MAXQUANTITY") VALUES ('T67894', 'USA, Note 2.5 31jan2024 5Y', 'CUSIP', '9128285Z9', 'GOVT', 100, 10000);
INSERT INTO INSTRUMENTS ("INSTRUMENTID", "DESCRIPTION", "EXTERNALIDTYPE", "EXTERNALID", "CATEGORYID", "MINQUANTITY", "MAXQUANTITY") VALUES ('T67895', 'USA, Note 2.625 31jan2026 7Y', 'CUSIP', '9128286A3', 'GOVT', 100, 10000);
INSERT INTO INSTRUMENTS ("INSTRUMENTID", "DESCRIPTION", "EXTERNALIDTYPE", "EXTERNALID", "CATEGORYID", "MINQUANTITY", "MAXQUANTITY") VALUES ('T67897', 'USA, Note 2.5 31jan2021 2Y', 'CUSIP', '9128285X4', 'GOVT', 100, 10000);
INSERT INTO INSTRUMENTS ("INSTRUMENTID", "DESCRIPTION", "EXTERNALIDTYPE", "EXTERNALID", "CATEGORYID", "MINQUANTITY", "MAXQUANTITY") VALUES ('T67899', 'USA, Notes 2.5% 15jan2022 3Y', 'CUSIP', '9128285V8', 'GOVT', 100, 10000);
INSERT INTO INSTRUMENTS ("INSTRUMENTID", "DESCRIPTION", "EXTERNALIDTYPE", "EXTERNALID", "CATEGORYID", "MINQUANTITY", "MAXQUANTITY") VALUES ('T67880', 'USA, Note 1.5 31dec2023 5Y', 'CUSIP', '9128285U0', 'GOVT', 100, 10000);
INSERT INTO INSTRUMENTS ("INSTRUMENTID", "DESCRIPTION", "EXTERNALIDTYPE", "EXTERNALID", "CATEGORYID", "MINQUANTITY", "MAXQUANTITY") VALUES ('T67883', 'USA, Bond 3.375 15nov2048 30Y', 'CUSIP', '912810SE9', 'GOVT', 100, 10000);
INSERT INTO INSTRUMENTS ("INSTRUMENTID", "DESCRIPTION", "EXTERNALIDTYPE", "EXTERNALID", "CATEGORYID", "MINQUANTITY", "MAXQUANTITY") VALUES ('T67878', 'USA, Bond 3 15aug2048 30Y', 'CUSIP', '912810SD1', 'GOVT', 100, 10000);
INSERT INTO INSTRUMENTS ("INSTRUMENTID", "DESCRIPTION", "EXTERNALIDTYPE", "EXTERNALID", "CATEGORYID", "MINQUANTITY", "MAXQUANTITY") VALUES ('IN001', 'MSFT - MICROSOFT CORP', 'CUSIP', '912810SD2', 'STOCK', 1, 10000);
INSERT INTO INSTRUMENTS ("INSTRUMENTID", "DESCRIPTION", "EXTERNALIDTYPE", "EXTERNALID", "CATEGORYID", "MINQUANTITY", "MAXQUANTITY") VALUES ('IN002', 'AAPL - APPLE INC', 'CUSIP', '912810SD4', 'STOCK', 1, 10000);
INSERT INTO INSTRUMENTS ("INSTRUMENTID", "DESCRIPTION", "EXTERNALIDTYPE", "EXTERNALID", "CATEGORYID", "MINQUANTITY", "MAXQUANTITY") VALUES ('IN003', 'NVDA - NVIDIA CORP', 'CUSIP', '67066G104', 'STOCK', 1, 10000);
INSERT INTO INSTRUMENTS ("INSTRUMENTID", "DESCRIPTION", "EXTERNALIDTYPE", "EXTERNALID", "CATEGORYID", "MINQUANTITY", "MAXQUANTITY") VALUES ('IN004', 'AMZN - AMAZON COM INC', 'CUSIP', '023135106', 'STOCK', 1, 10000);
INSERT INTO INSTRUMENTS ("INSTRUMENTID", "DESCRIPTION", "EXTERNALIDTYPE", "EXTERNALID", "CATEGORYID", "MINQUANTITY", "MAXQUANTITY") VALUES ('IN005', 'GOOGL - ALPHABET INC CLASS A', 'CUSIP', '02079K305', 'STOCK', 1, 10000);
INSERT INTO INSTRUMENTS ("INSTRUMENTID", "DESCRIPTION", "EXTERNALIDTYPE", "EXTERNALID", "CATEGORYID", "MINQUANTITY", "MAXQUANTITY") VALUES ('IN006', 'META - META PLATFORMS INC CLASS A', 'CUSIP', '30303M102', 'STOCK', 1, 10000);
INSERT INTO INSTRUMENTS ("INSTRUMENTID", "DESCRIPTION", "EXTERNALIDTYPE", "EXTERNALID", "CATEGORYID", "MINQUANTITY", "MAXQUANTITY") VALUES ('IN007', 'GOOG - ALPHABET INC CLASS C', 'CUSIP', '02079K107', 'STOCK', 1, 10000);
INSERT INTO INSTRUMENTS ("INSTRUMENTID", "DESCRIPTION", "EXTERNALIDTYPE", "EXTERNALID", "CATEGORYID", "MINQUANTITY", "MAXQUANTITY") VALUES ('IN008', 'BRK.B - BERKSHIRE HATHAWAY INC CL B', 'CUSIP', '084670702', 'STOCK', 1, 10000);
INSERT INTO INSTRUMENTS ("INSTRUMENTID", "DESCRIPTION", "EXTERNALIDTYPE", "EXTERNALID", "CATEGORYID", "MINQUANTITY", "MAXQUANTITY") VALUES ('IN009', 'LLY - LILLY (ELI) 200', 'CUSIP', '532457108', 'STOCK', 1, 10000);
INSERT INTO INSTRUMENTS ("INSTRUMENTID", "DESCRIPTION", "EXTERNALIDTYPE", "EXTERNALID", "CATEGORYID", "MINQUANTITY", "MAXQUANTITY") VALUES ('IN010', 'AVGO - BROADCOM INC', 'CUSIP', '11135F101', 'STOCK', 1, 10000);
INSERT INTO INSTRUMENTS ("INSTRUMENTID", "DESCRIPTION", "EXTERNALIDTYPE", "EXTERNALID", "CATEGORYID", "MINQUANTITY", "MAXQUANTITY") VALUES ('IN011', 'TSLA - TESLA INC', 'CUSIP', '88160R101', 'STOCK', 1, 10000);
INSERT INTO INSTRUMENTS ("INSTRUMENTID", "DESCRIPTION", "EXTERNALIDTYPE", "EXTERNALID", "CATEGORYID", "MINQUANTITY", "MAXQUANTITY") VALUES ('IN012', 'JPM - JPMORGAN CHASE 20', 'CUSIP', '46625H100', 'STOCK', 1, 10000);
INSERT INTO INSTRUMENTS ("INSTRUMENTID", "DESCRIPTION", "EXTERNALIDTYPE", "EXTERNALID", "CATEGORYID", "MINQUANTITY", "MAXQUANTITY") VALUES ('IN013', 'V - VISA INC CLASS A', 'CUSIP', '92826C839', 'STOCK', 1, 10000);
INSERT INTO INSTRUMENTS ("INSTRUMENTID", "DESCRIPTION", "EXTERNALIDTYPE", "EXTERNALID", "CATEGORYID", "MINQUANTITY", "MAXQUANTITY") VALUES ('IN014', 'XOM - EXXON MOBIL CORP', 'CUSIP', '30231G102', 'STOCK', 1, 10000);
INSERT INTO INSTRUMENTS ("INSTRUMENTID", "DESCRIPTION", "EXTERNALIDTYPE", "EXTERNALID", "CATEGORYID", "MINQUANTITY", "MAXQUANTITY") VALUES ('IN015', 'WMT - WALMART INC', 'CUSIP', '931142103', 'STOCK', 1, 10000);
INSERT INTO INSTRUMENTS ("INSTRUMENTID", "DESCRIPTION", "EXTERNALIDTYPE", "EXTERNALID", "CATEGORYID", "MINQUANTITY", "MAXQUANTITY") VALUES ('IN016', 'UNH - UNITEDHEALTH GROUP INC', 'CUSIP', '91324P102', 'STOCK', 1, 10000);
INSERT INTO INSTRUMENTS ("INSTRUMENTID", "DESCRIPTION", "EXTERNALIDTYPE", "EXTERNALID", "CATEGORYID", "MINQUANTITY", "MAXQUANTITY") VALUES ('IN017', 'MA - MASTERCARD INC CLASS A', 'CUSIP', '57636Q104', 'STOCK', 1, 10000);
INSERT INTO INSTRUMENTS ("INSTRUMENTID", "DESCRIPTION", "EXTERNALIDTYPE", "EXTERNALID", "CATEGORYID", "MINQUANTITY", "MAXQUANTITY") VALUES ('IN018', 'JNJ - JOHNSON 10', 'CUSIP', '478160104', 'STOCK', 1, 10000);
INSERT INTO INSTRUMENTS ("INSTRUMENTID", "DESCRIPTION", "EXTERNALIDTYPE", "EXTERNALID", "CATEGORYID", "MINQUANTITY", "MAXQUANTITY") VALUES ('IN019', 'PG - PROCTER 20 CO', 'CUSIP', '742718109', 'STOCK', 1, 10000);
INSERT INTO INSTRUMENTS ("INSTRUMENTID", "DESCRIPTION", "EXTERNALIDTYPE", "EXTERNALID", "CATEGORYID", "MINQUANTITY", "MAXQUANTITY") VALUES ('IN020', 'HD - HOME DEPOT INC', 'CUSIP', '437076102', 'STOCK', 1, 10000);
INSERT INTO INSTRUMENTS ("INSTRUMENTID", "DESCRIPTION", "EXTERNALIDTYPE", "EXTERNALID", "CATEGORYID", "MINQUANTITY", "MAXQUANTITY") VALUES ('IN021', 'COST - COSTCO WHOLESALE CORP', 'CUSIP', '22160K105', 'STOCK', 1, 10000);
INSERT INTO INSTRUMENTS ("INSTRUMENTID", "DESCRIPTION", "EXTERNALIDTYPE", "EXTERNALID", "CATEGORYID", "MINQUANTITY", "MAXQUANTITY") VALUES ('IN022', 'MRK - MERCK 20 INC.', 'CUSIP', '58933Y105', 'STOCK', 1, 10000);
INSERT INTO INSTRUMENTS ("INSTRUMENTID", "DESCRIPTION", "EXTERNALIDTYPE", "EXTERNALID", "CATEGORYID", "MINQUANTITY", "MAXQUANTITY") VALUES ('IN023', 'ABBV - ABBVIE INC', 'CUSIP', '00287Y109', 'STOCK', 1, 10000);
INSERT INTO INSTRUMENTS ("INSTRUMENTID", "DESCRIPTION", "EXTERNALIDTYPE", "EXTERNALID", "CATEGORYID", "MINQUANTITY", "MAXQUANTITY") VALUES ('IN024', 'CVX - CHEVRON CORP', 'CUSIP', '166764100', 'STOCK', 1, 10000);
INSERT INTO INSTRUMENTS ("INSTRUMENTID", "DESCRIPTION", "EXTERNALIDTYPE", "EXTERNALID", "CATEGORYID", "MINQUANTITY", "MAXQUANTITY") VALUES ('IN025', 'CRM - SALESFORCE INC', 'CUSIP', '79466L302', 'STOCK', 1, 10000);
INSERT INTO INSTRUMENTS ("INSTRUMENTID", "DESCRIPTION", "EXTERNALIDTYPE", "EXTERNALID", "CATEGORYID", "MINQUANTITY", "MAXQUANTITY") VALUES ('IN026', 'BAC - BANK OF AMERICA CORP', 'CUSIP', '060505104', 'STOCK', 1, 10000);
INSERT INTO INSTRUMENTS ("INSTRUMENTID", "DESCRIPTION", "EXTERNALIDTYPE", "EXTERNALID", "CATEGORYID", "MINQUANTITY", "MAXQUANTITY") VALUES ('IN027', 'NFLX - NETFLIX INC', 'CUSIP', '64110L106', 'STOCK', 1, 10000);
INSERT INTO INSTRUMENTS ("INSTRUMENTID", "DESCRIPTION", "EXTERNALIDTYPE", "EXTERNALID", "CATEGORYID", "MINQUANTITY", "MAXQUANTITY") VALUES ('IN028', 'AMD - ADVANCED MICRO DEVICES', 'CUSIP', '007903107', 'STOCK', 1, 10000);
INSERT INTO INSTRUMENTS ("INSTRUMENTID", "DESCRIPTION", "EXTERNALIDTYPE", "EXTERNALID", "CATEGORYID", "MINQUANTITY", "MAXQUANTITY") VALUES ('IN029', 'KO - COCA-COLA CO', 'CUSIP', '191216100', 'STOCK', 1, 10000);
INSERT INTO INSTRUMENTS ("INSTRUMENTID", "DESCRIPTION", "EXTERNALIDTYPE", "EXTERNALID", "CATEGORYID", "MINQUANTITY", "MAXQUANTITY") VALUES ('IN030', 'PEP - PEPSICO INC', 'CUSIP', '713448108', 'STOCK', 1, 10000);
INSERT INTO INSTRUMENTS ("INSTRUMENTID", "DESCRIPTION", "EXTERNALIDTYPE", "EXTERNALID", "CATEGORYID", "MINQUANTITY", "MAXQUANTITY") VALUES ('IN031', 'LIN - LINDE PLC', 'CUSIP', 'G5494J103', 'STOCK', 1, 10000);
INSERT INTO INSTRUMENTS ("INSTRUMENTID", "DESCRIPTION", "EXTERNALIDTYPE", "EXTERNALID", "CATEGORYID", "MINQUANTITY", "MAXQUANTITY") VALUES ('IN032', 'WFC - WELLS FARGO 10', 'CUSIP', '949746101', 'STOCK', 1, 10000);
INSERT INTO INSTRUMENTS ("INSTRUMENTID", "DESCRIPTION", "EXTERNALIDTYPE", "EXTERNALID", "CATEGORYID", "MINQUANTITY", "MAXQUANTITY") VALUES ('IN033', 'TMO - THERMO FISHER SCIENTIFIC INC', 'CUSIP', '883556102', 'STOCK', 1, 10000);
INSERT INTO INSTRUMENTS ("INSTRUMENTID", "DESCRIPTION", "EXTERNALIDTYPE", "EXTERNALID", "CATEGORYID", "MINQUANTITY", "MAXQUANTITY") VALUES ('IN034', 'MCD - MCDONALD''S CORP', 'CUSIP', '580135101', 'STOCK', 1, 10000);
INSERT INTO INSTRUMENTS ("INSTRUMENTID", "DESCRIPTION", "EXTERNALIDTYPE", "EXTERNALID", "CATEGORYID", "MINQUANTITY", "MAXQUANTITY") VALUES ('IN035', 'DIS - WALT DISNEY CO', 'CUSIP', '254687106', 'STOCK', 1, 10000);
INSERT INTO INSTRUMENTS ("INSTRUMENTID", "DESCRIPTION", "EXTERNALIDTYPE", "EXTERNALID", "CATEGORYID", "MINQUANTITY", "MAXQUANTITY") VALUES ('IN036', 'ABT - ABBOTT LABORATORIES', 'CUSIP', '002824100', 'STOCK', 1, 10000);
INSERT INTO INSTRUMENTS ("INSTRUMENTID", "DESCRIPTION", "EXTERNALIDTYPE", "EXTERNALID", "CATEGORYID", "MINQUANTITY", "MAXQUANTITY") VALUES ('IN037', 'ACN - ACCENTURE PLC CLASS A', 'CUSIP', 'G1151C101', 'STOCK', 1, 10000);
INSERT INTO INSTRUMENTS ("INSTRUMENTID", "DESCRIPTION", "EXTERNALIDTYPE", "EXTERNALID", "CATEGORYID", "MINQUANTITY", "MAXQUANTITY") VALUES ('IN038', 'CSCO - CISCO SYSTEMS INC', 'CUSIP', '17275R102', 'STOCK', 1, 10000);
INSERT INTO INSTRUMENTS ("INSTRUMENTID", "DESCRIPTION", "EXTERNALIDTYPE", "EXTERNALID", "CATEGORYID", "MINQUANTITY", "MAXQUANTITY") VALUES ('IN039', 'DHR - DANAHER CORP', 'CUSIP', '235851102', 'STOCK', 1, 10000);
INSERT INTO INSTRUMENTS ("INSTRUMENTID", "DESCRIPTION", "EXTERNALIDTYPE", "EXTERNALID", "CATEGORYID", "MINQUANTITY", "MAXQUANTITY") VALUES ('IN040', 'INTC - INTEL CORP', 'CUSIP', '458140100', 'STOCK', 1, 10000);
INSERT INTO INSTRUMENTS ("INSTRUMENTID", "DESCRIPTION", "EXTERNALIDTYPE", "EXTERNALID", "CATEGORYID", "MINQUANTITY", "MAXQUANTITY") VALUES ('IN041', 'US T-BOND MAT 2055-08-15', 'CUSIP', '912810UM8', 'GOVT', 100, 10000000);
INSERT INTO INSTRUMENTS ("INSTRUMENTID", "DESCRIPTION", "EXTERNALIDTYPE", "EXTERNALID", "CATEGORYID", "MINQUANTITY", "MAXQUANTITY") VALUES ('IN042', 'US T-BOND MAT 2045-09-02', 'CUSIP', '912810UN6', 'GOVT', 100, 10000000);
INSERT INTO INSTRUMENTS ("INSTRUMENTID", "DESCRIPTION", "EXTERNALIDTYPE", "EXTERNALID", "CATEGORYID", "MINQUANTITY", "MAXQUANTITY") VALUES ('IN043', 'US T-NOTE MAT 2035-08-15', 'CUSIP', '91282CNT4', 'GOVT', 100, 10000000);
INSERT INTO INSTRUMENTS ("INSTRUMENTID", "DESCRIPTION", "EXTERNALIDTYPE", "EXTERNALID", "CATEGORYID", "MINQUANTITY", "MAXQUANTITY") VALUES ('IN044', 'US T-NOTE MAT 2032-08-31', 'CUSIP', '91282CNW7', 'GOVT', 100, 10000000);
INSERT INTO INSTRUMENTS ("INSTRUMENTID", "DESCRIPTION", "EXTERNALIDTYPE", "EXTERNALID", "CATEGORYID", "MINQUANTITY", "MAXQUANTITY") VALUES ('IN045', 'US T-NOTE MAT 2030-08-31', 'CUSIP', '91282CNX5', 'GOVT', 100, 10000000);
INSERT INTO INSTRUMENTS ("INSTRUMENTID", "DESCRIPTION", "EXTERNALIDTYPE", "EXTERNALID", "CATEGORYID", "MINQUANTITY", "MAXQUANTITY") VALUES ('IN046', 'US T-NOTE MAT 2027-08-31', 'CUSIP', '91282CNV9', 'GOVT', 100, 10000000);
INSERT INTO INSTRUMENTS ("INSTRUMENTID", "DESCRIPTION", "EXTERNALIDTYPE", "EXTERNALID", "CATEGORYID", "MINQUANTITY", "MAXQUANTITY") VALUES ('IN047', 'US T-NOTE MAT 2027-07-31', 'CUSIP', '91282CNQ0', 'GOVT', 100, 10000000);
INSERT INTO INSTRUMENTS ("INSTRUMENTID", "DESCRIPTION", "EXTERNALIDTYPE", "EXTERNALID", "CATEGORYID", "MINQUANTITY", "MAXQUANTITY") VALUES ('IN048', 'US T-BILL MAT 2026-08-06', 'CUSIP', '912797RG4', 'GOVT', 100, 10000000);
INSERT INTO INSTRUMENTS ("INSTRUMENTID", "DESCRIPTION", "EXTERNALIDTYPE", "EXTERNALID", "CATEGORYID", "MINQUANTITY", "MAXQUANTITY") VALUES ('IN049', 'US T-BILL MAT 2026-07-09', 'CUSIP', '912797RF6', 'GOVT', 100, 10000000);
INSERT INTO INSTRUMENTS ("INSTRUMENTID", "DESCRIPTION", "EXTERNALIDTYPE", "EXTERNALID", "CATEGORYID", "MINQUANTITY", "MAXQUANTITY") VALUES ('IN050', 'US T-BILL MAT 2026-06-11', 'CUSIP', '912797QX8', 'GOVT', 100, 10000000);
INSERT INTO INSTRUMENTS ("INSTRUMENTID", "DESCRIPTION", "EXTERNALIDTYPE", "EXTERNALID", "CATEGORYID", "MINQUANTITY", "MAXQUANTITY") VALUES ('IN051', 'US T-BILL MAT 2026-05-14', 'CUSIP', '912797QN0', 'GOVT', 100, 10000000);
INSERT INTO INSTRUMENTS ("INSTRUMENTID", "DESCRIPTION", "EXTERNALIDTYPE", "EXTERNALID", "CATEGORYID", "MINQUANTITY", "MAXQUANTITY") VALUES ('IN052', 'US T-BILL MAT 2026-04-16', 'CUSIP', '912797QD2', 'GOVT', 100, 10000000);
INSERT INTO INSTRUMENTS ("INSTRUMENTID", "DESCRIPTION", "EXTERNALIDTYPE", "EXTERNALID", "CATEGORYID", "MINQUANTITY", "MAXQUANTITY") VALUES ('IN053', 'US T-BILL MAT 2026-03-19', 'CUSIP', '912797PV3', 'GOVT', 100, 10000000);
INSERT INTO INSTRUMENTS ("INSTRUMENTID", "DESCRIPTION", "EXTERNALIDTYPE", "EXTERNALID", "CATEGORYID", "MINQUANTITY", "MAXQUANTITY") VALUES ('IN054', 'US T-BILL MAT 2026-02-26', 'CUSIP', '912797RU3', 'GOVT', 100, 10000000);
INSERT INTO INSTRUMENTS ("INSTRUMENTID", "DESCRIPTION", "EXTERNALIDTYPE", "EXTERNALID", "CATEGORYID", "MINQUANTITY", "MAXQUANTITY") VALUES ('IN055', 'US T-BILL MAT 2026-02-19', 'CUSIP', '912797PM3', 'GOVT', 100, 10000000);
INSERT INTO INSTRUMENTS ("INSTRUMENTID", "DESCRIPTION", "EXTERNALIDTYPE", "EXTERNALID", "CATEGORYID", "MINQUANTITY", "MAXQUANTITY") VALUES ('IN056', 'US T-BILL MAT 2026-01-29', 'CUSIP', '912797RK5', 'GOVT', 100, 10000000);
INSERT INTO INSTRUMENTS ("INSTRUMENTID", "DESCRIPTION", "EXTERNALIDTYPE", "EXTERNALID", "CATEGORYID", "MINQUANTITY", "MAXQUANTITY") VALUES ('IN057', 'US T-BILL MAT 2026-01-08', 'CUSIP', '912797RH2', 'GOVT', 100, 10000000);
INSERT INTO INSTRUMENTS ("INSTRUMENTID", "DESCRIPTION", "EXTERNALIDTYPE", "EXTERNALID", "CATEGORYID", "MINQUANTITY", "MAXQUANTITY") VALUES ('IN058', 'US T-BILL MAT 2025-12-30', 'CUSIP', '912797RZ2', 'GOVT', 100, 10000000);
INSERT INTO INSTRUMENTS ("INSTRUMENTID", "DESCRIPTION", "EXTERNALIDTYPE", "EXTERNALID", "CATEGORYID", "MINQUANTITY", "MAXQUANTITY") VALUES ('IN059', 'US T-BILL MAT 2025-12-18', 'CUSIP', '912797QZ3', 'GOVT', 100, 10000000);
INSERT INTO INSTRUMENTS ("INSTRUMENTID", "DESCRIPTION", "EXTERNALIDTYPE", "EXTERNALID", "CATEGORYID", "MINQUANTITY", "MAXQUANTITY") VALUES ('IN060', 'US T-BILL MAT 2025-11-28', 'CUSIP', '912797NL7', 'GOVT', 100, 10000000);
INSERT INTO INSTRUMENTS ("INSTRUMENTID", "DESCRIPTION", "EXTERNALIDTYPE", "EXTERNALID", "CATEGORYID", "MINQUANTITY", "MAXQUANTITY") VALUES ('IN061', 'US T-BILL MAT 2025-11-13', 'CUSIP', '912797QQ3', 'GOVT', 100, 10000000);
INSERT INTO INSTRUMENTS ("INSTRUMENTID", "DESCRIPTION", "EXTERNALIDTYPE", "EXTERNALID", "CATEGORYID", "MINQUANTITY", "MAXQUANTITY") VALUES ('IN062', 'US T-BILL MAT 2025-10-30', 'CUSIP', '912797NA1', 'GOVT', 100, 10000000);
INSERT INTO INSTRUMENTS ("INSTRUMENTID", "DESCRIPTION", "EXTERNALIDTYPE", "EXTERNALID", "CATEGORYID", "MINQUANTITY", "MAXQUANTITY") VALUES ('IN063', 'US T-BILL MAT 2025-10-28', 'CUSIP', '912797RE9', 'GOVT', 100, 10000000);
INSERT INTO INSTRUMENTS ("INSTRUMENTID", "DESCRIPTION", "EXTERNALIDTYPE", "EXTERNALID", "CATEGORYID", "MINQUANTITY", "MAXQUANTITY") VALUES ('IN064', 'US T-BILL MAT 2025-10-09', 'CUSIP', '912797QE0', 'GOVT', 100, 10000000);
INSERT INTO INSTRUMENTS ("INSTRUMENTID", "DESCRIPTION", "EXTERNALIDTYPE", "EXTERNALID", "CATEGORYID", "MINQUANTITY", "MAXQUANTITY") VALUES ('IN065', 'US T-BILL MAT 2025-09-30', 'CUSIP', '912797QW0', 'GOVT', 100, 10000000);
INSERT INTO INSTRUMENTS ("INSTRUMENTID", "DESCRIPTION", "EXTERNALIDTYPE", "EXTERNALID", "CATEGORYID", "MINQUANTITY", "MAXQUANTITY") VALUES ('IN066', 'US T-BILL MAT 2025-09-25', 'CUSIP', '912797PY7', 'GOVT', 100, 10000000);
INSERT INTO INSTRUMENTS ("INSTRUMENTID", "DESCRIPTION", "EXTERNALIDTYPE", "EXTERNALID", "CATEGORYID", "MINQUANTITY", "MAXQUANTITY") VALUES ('IN067', 'US T-BILL MAT 2025-09-11', 'CUSIP', '912797PW1', 'GOVT', 100, 10000000);
INSERT INTO INSTRUMENTS ("INSTRUMENTID", "DESCRIPTION", "EXTERNALIDTYPE", "EXTERNALID", "CATEGORYID", "MINQUANTITY", "MAXQUANTITY") VALUES ('IN068', 'US T-BILL MAT 2025-09-02', 'CUSIP', '912797QM2', 'GOVT', 100, 10000000);
INSERT INTO INSTRUMENTS ("INSTRUMENTID", "DESCRIPTION", "EXTERNALIDTYPE", "EXTERNALID", "CATEGORYID", "MINQUANTITY", "MAXQUANTITY") VALUES ('IN069', 'US T-NOTE MAT 2025-08-31', 'CUSIP', '9128284Z0', 'GOVT', 100, 10000000);
INSERT INTO INSTRUMENTS ("INSTRUMENTID", "DESCRIPTION", "EXTERNALIDTYPE", "EXTERNALID", "CATEGORYID", "MINQUANTITY", "MAXQUANTITY") VALUES ('IN070', 'US T-BILL MAT 2025-08-28', 'CUSIP', '912797PQ4', 'GOVT', 100, 10000000);
INSERT INTO INSTRUMENTS ("INSTRUMENTID", "DESCRIPTION", "EXTERNALIDTYPE", "EXTERNALID", "CATEGORYID", "MINQUANTITY", "MAXQUANTITY") VALUES ('IN071', 'US T-BILL MAT 2025-08-26', 'CUSIP', '912797QL4', 'GOVT', 100, 10000000);
INSERT INTO INSTRUMENTS ("INSTRUMENTID", "DESCRIPTION", "EXTERNALIDTYPE", "EXTERNALID", "CATEGORYID", "MINQUANTITY", "MAXQUANTITY") VALUES ('IN072', 'US T-NOTE MAT 2026-02-28', 'CUSIP', '912821ST3', 'GOVT', 100, 10000000);
INSERT INTO INSTRUMENTS ("INSTRUMENTID", "DESCRIPTION", "EXTERNALIDTYPE", "EXTERNALID", "CATEGORYID", "MINQUANTITY", "MAXQUANTITY") VALUES ('IN073', 'US T-NOTE MAT 2026-02-28', 'CUSIP', '912821SS5', 'GOVT', 100, 10000000);
INSERT INTO INSTRUMENTS ("INSTRUMENTID", "DESCRIPTION", "EXTERNALIDTYPE", "EXTERNALID", "CATEGORYID", "MINQUANTITY", "MAXQUANTITY") VALUES ('IN074', 'US T-NOTE MAT 2025-10-31', 'CUSIP', '91282CAT8', 'GOVT', 100, 10000000);
INSERT INTO INSTRUMENTS ("INSTRUMENTID", "DESCRIPTION", "EXTERNALIDTYPE", "EXTERNALID", "CATEGORYID", "MINQUANTITY", "MAXQUANTITY") VALUES ('IN075', 'US T-NOTE MAT 2025-09-30', 'CUSIP', '91282CJB8', 'GOVT', 100, 10000000);
INSERT INTO INSTRUMENTS ("INSTRUMENTID", "DESCRIPTION", "EXTERNALIDTYPE", "EXTERNALID", "CATEGORYID", "MINQUANTITY", "MAXQUANTITY") VALUES ('IN076', 'CAPITAL ONE CD 12-MONTH 4.25%', 'CD', 'CUSIP', 'CUSIP', 1000, 250000);
INSERT INTO INSTRUMENTS ("INSTRUMENTID", "DESCRIPTION", "EXTERNALIDTYPE", "EXTERNALID", "CATEGORYID", "MINQUANTITY", "MAXQUANTITY") VALUES ('IN077', 'CHASE BANK CD 6-MONTH 3.50%', 'CD', 'CUSIP', 'CUSIP', 1000, 250000);
INSERT INTO INSTRUMENTS ("INSTRUMENTID", "DESCRIPTION", "EXTERNALIDTYPE", "EXTERNALID", "CATEGORYID", "MINQUANTITY", "MAXQUANTITY") VALUES ('IN078', 'BANK OF AMERICA CD 12-MONTH 3.75%', 'CD', 'CUSIP', 'CUSIP', 1000, 250000);
INSERT INTO INSTRUMENTS ("INSTRUMENTID", "DESCRIPTION", "EXTERNALIDTYPE", "EXTERNALID", "CATEGORYID", "MINQUANTITY", "MAXQUANTITY") VALUES ('IN079', 'MARCUS BY GOLDMAN SACHS CD 18-MONTH 4.40%', 'CD', 'CUSIP', 'CUSIP', 500, 250000);
INSERT INTO INSTRUMENTS ("INSTRUMENTID", "DESCRIPTION", "EXTERNALIDTYPE", "EXTERNALID", "CATEGORYID", "MINQUANTITY", "MAXQUANTITY") VALUES ('IN080', 'ALLY BANK CD 3-YEAR 4.00%', 'CD', 'CUSIP', 'CUSIP', 1000, 250000);
INSERT INTO INSTRUMENTS ("INSTRUMENTID", "DESCRIPTION", "EXTERNALIDTYPE", "EXTERNALID", "CATEGORYID", "MINQUANTITY", "MAXQUANTITY") VALUES ('IN081', 'U.S. BANK CD 5-YEAR 3.80%', 'CD', 'CUSIP', 'CUSIP', 500, 250000);
INSERT INTO INSTRUMENTS ("INSTRUMENTID", "DESCRIPTION", "EXTERNALIDTYPE", "EXTERNALID", "CATEGORYID", "MINQUANTITY", "MAXQUANTITY") VALUES ('IN082', 'PNC BANK CD 7-MONTH 4.00%', 'CD', 'CUSIP', 'CUSIP', 1000, 250000);
INSERT INTO INSTRUMENTS ("INSTRUMENTID", "DESCRIPTION", "EXTERNALIDTYPE", "EXTERNALID", "CATEGORYID", "MINQUANTITY", "MAXQUANTITY") VALUES ('IN083', 'TD BANK CD 3-MONTH 4.00%', 'CD', 'CUSIP', 'CUSIP', 250, 250000);
INSERT INTO INSTRUMENTS ("INSTRUMENTID", "DESCRIPTION", "EXTERNALIDTYPE", "EXTERNALID", "CATEGORYID", "MINQUANTITY", "MAXQUANTITY") VALUES ('IN084', 'VANGUARD BROKERED CD 2-YEAR 4.00%', 'CD', 'CUSIP', 'CUSIP', 1000, 250000);
INSERT INTO INSTRUMENTS ("INSTRUMENTID", "DESCRIPTION", "EXTERNALIDTYPE", "EXTERNALID", "CATEGORYID", "MINQUANTITY", "MAXQUANTITY") VALUES ('IN085', 'MORGAN STANLEY PRIVATE BANK CD 5-YEAR 4.20%', 'CD', 'CUSIP', 'CUSIP', 0, 250000);
INSERT INTO INSTRUMENTS ("INSTRUMENTID", "DESCRIPTION", "EXTERNALIDTYPE", "EXTERNALID", "CATEGORYID", "MINQUANTITY", "MAXQUANTITY") VALUES ('IN086', 'BASK BANK CD 2-YEAR 4.30%', 'CD', 'CUSIP', 'CUSIP', 1000, 250000);
INSERT INTO INSTRUMENTS ("INSTRUMENTID", "DESCRIPTION", "EXTERNALIDTYPE", "EXTERNALID", "CATEGORYID", "MINQUANTITY", "MAXQUANTITY") VALUES ('IN087', 'POPULAR DIRECT CD 5-YEAR 4.30%', 'CD', 'CUSIP', 'CUSIP', 10000, 250000);
INSERT INTO INSTRUMENTS ("INSTRUMENTID", "DESCRIPTION", "EXTERNALIDTYPE", "EXTERNALID", "CATEGORYID", "MINQUANTITY", "MAXQUANTITY") VALUES ('IN088', 'FIRST INTERNET BANK CD 3-YEAR 4.28%', 'CD', 'CUSIP', 'CUSIP', 1000, 250000);
INSERT INTO INSTRUMENTS ("INSTRUMENTID", "DESCRIPTION", "EXTERNALIDTYPE", "EXTERNALID", "CATEGORYID", "MINQUANTITY", "MAXQUANTITY") VALUES ('IN089', 'SALEM FIVE DIRECT CD 2-YEAR 4.15%', 'CD', 'CUSIP', 'CUSIP', 10000, 250000);
INSERT INTO INSTRUMENTS ("INSTRUMENTID", "DESCRIPTION", "EXTERNALIDTYPE", "EXTERNALID", "CATEGORYID", "MINQUANTITY", "MAXQUANTITY") VALUES ('IN090', 'ALLIANT CREDIT UNION CD 1-YEAR 4.10%', 'CD', 'CUSIP', 'CUSIP', 1000, 250000);
INSERT INTO INSTRUMENTS ("INSTRUMENTID", "DESCRIPTION", "EXTERNALIDTYPE", "EXTERNALID", "CATEGORYID", "MINQUANTITY", "MAXQUANTITY") VALUES ('IN091', 'CITIBANK CD 12-MONTH 3.90%', 'CD', 'CUSIP', 'CUSIP', 500, 250000);
INSERT INTO INSTRUMENTS ("INSTRUMENTID", "DESCRIPTION", "EXTERNALIDTYPE", "EXTERNALID", "CATEGORYID", "MINQUANTITY", "MAXQUANTITY") VALUES ('IN092', 'DISCOVER BANK CD 10-YEAR 3.75%', 'CD', 'CUSIP', 'CUSIP', 2500, 250000);
INSERT INTO INSTRUMENTS ("INSTRUMENTID", "DESCRIPTION", "EXTERNALIDTYPE", "EXTERNALID", "CATEGORYID", "MINQUANTITY", "MAXQUANTITY") VALUES ('IN093', 'CAPITAL ONE CD 30-MONTH 4.15%', 'CD', 'CUSIP', 'CUSIP', 1000, 250000);
INSERT INTO INSTRUMENTS ("INSTRUMENTID", "DESCRIPTION", "EXTERNALIDTYPE", "EXTERNALID", "CATEGORYID", "MINQUANTITY", "MAXQUANTITY") VALUES ('IN094', 'CHASE BANK CD 24-MONTH 3.25%', 'CD', 'CUSIP', 'CUSIP', 1000, 250000);
INSERT INTO INSTRUMENTS ("INSTRUMENTID", "DESCRIPTION", "EXTERNALIDTYPE", "EXTERNALID", "CATEGORYID", "MINQUANTITY", "MAXQUANTITY") VALUES ('IN095', 'BANK OF AMERICA CD 7-MONTH 4.00%', 'CD', 'CUSIP', 'CUSIP', 1000, 250000);
INSERT INTO INSTRUMENTS ("INSTRUMENTID", "DESCRIPTION", "EXTERNALIDTYPE", "EXTERNALID", "CATEGORYID", "MINQUANTITY", "MAXQUANTITY") VALUES ('IN096', 'MARCUS BY GOLDMAN SACHS CD 6-YEAR 4.40%', 'CD', 'CUSIP', 'CUSIP', 500, 250000);
INSERT INTO INSTRUMENTS ("INSTRUMENTID", "DESCRIPTION", "EXTERNALIDTYPE", "EXTERNALID", "CATEGORYID", "MINQUANTITY", "MAXQUANTITY") VALUES ('IN097', 'U.S. BANK CD 12-MONTH SPECIAL 4.10%', 'CD', 'CUSIP', 'CUSIP', 1000, 250000);
INSERT INTO INSTRUMENTS ("INSTRUMENTID", "DESCRIPTION", "EXTERNALIDTYPE", "EXTERNALID", "CATEGORYID", "MINQUANTITY", "MAXQUANTITY") VALUES ('IN098', 'PNC BANK CD 13-MONTH 2.00%', 'CD', 'CUSIP', 'CUSIP', 1000, 250000);
INSERT INTO INSTRUMENTS ("INSTRUMENTID", "DESCRIPTION", "EXTERNALIDTYPE", "EXTERNALID", "CATEGORYID", "MINQUANTITY", "MAXQUANTITY") VALUES ('IN099', 'TD BANK CD 5-YEAR 2.25%', 'CD', 'CUSIP', 'CUSIP', 250, 250000);
INSERT INTO INSTRUMENTS ("INSTRUMENTID", "DESCRIPTION", "EXTERNALIDTYPE", "EXTERNALID", "CATEGORYID", "MINQUANTITY", "MAXQUANTITY") VALUES ('IN100', 'VANGUARD BROKERED CD 10-YEAR 3.85%', 'CD', 'CUSIP', 'CUSIP', 1000, 250000);
REM INSERTING into INVESTMENT_DURATIONS
SET DEFINE OFF;
Insert into INVESTMENT_DURATIONS (ID,DURATION) values (1,'ZERO_TO_FIVE_YEARS');
Insert into INVESTMENT_DURATIONS (ID,DURATION) values (2,'FIVE_TO_SEVEN_YEARS');
Insert into INVESTMENT_DURATIONS (ID,DURATION) values (3,'SEVEN_TO_TEN_YEARS');
Insert into INVESTMENT_DURATIONS (ID,DURATION) values (4,'TEN_TO_FIFTEEN_YEARS');
REM INSERTING into INVESTMENT_PREFERENCES
SET DEFINE OFF;
Insert into INVESTMENT_PREFERENCES (CLIENTID,INVESTMENT_PURPOSE_ID,RISK_TOLERANCE_ID,INCOME_CATEGORY_ID,INVESTMENT_DURATION_ID,ACCEPTEDTERMS) values ('C008',2,25,3,3,1);
Insert into INVESTMENT_PREFERENCES (CLIENTID,INVESTMENT_PURPOSE_ID,RISK_TOLERANCE_ID,INCOME_CATEGORY_ID,INVESTMENT_DURATION_ID,ACCEPTEDTERMS) values ('C20',2,25,3,3,1);
Insert into INVESTMENT_PREFERENCES (CLIENTID,INVESTMENT_PURPOSE_ID,RISK_TOLERANCE_ID,INCOME_CATEGORY_ID,INVESTMENT_DURATION_ID,ACCEPTEDTERMS) values ('C21',2,25,3,3,1);
Insert into INVESTMENT_PREFERENCES (CLIENTID,INVESTMENT_PURPOSE_ID,RISK_TOLERANCE_ID,INCOME_CATEGORY_ID,INVESTMENT_DURATION_ID,ACCEPTEDTERMS) values ('C18',1,23,3,2,1);
Insert into INVESTMENT_PREFERENCES (CLIENTID,INVESTMENT_PURPOSE_ID,RISK_TOLERANCE_ID,INCOME_CATEGORY_ID,INVESTMENT_DURATION_ID,ACCEPTEDTERMS) values ('C22',1,23,2,1,1);
Insert into INVESTMENT_PREFERENCES (CLIENTID,INVESTMENT_PURPOSE_ID,RISK_TOLERANCE_ID,INCOME_CATEGORY_ID,INVESTMENT_DURATION_ID,ACCEPTEDTERMS) values ('C001',1,25,3,3,1);
Insert into INVESTMENT_PREFERENCES (CLIENTID,INVESTMENT_PURPOSE_ID,RISK_TOLERANCE_ID,INCOME_CATEGORY_ID,INVESTMENT_DURATION_ID,ACCEPTEDTERMS) values ('C28',3,25,7,4,1);
Insert into INVESTMENT_PREFERENCES (CLIENTID,INVESTMENT_PURPOSE_ID,RISK_TOLERANCE_ID,INCOME_CATEGORY_ID,INVESTMENT_DURATION_ID,ACCEPTEDTERMS) values ('C36',3,25,7,4,1);
Insert into INVESTMENT_PREFERENCES (CLIENTID,INVESTMENT_PURPOSE_ID,RISK_TOLERANCE_ID,INCOME_CATEGORY_ID,INVESTMENT_DURATION_ID,ACCEPTEDTERMS) values ('C27',2,25,5,3,1);
Insert into INVESTMENT_PREFERENCES (CLIENTID,INVESTMENT_PURPOSE_ID,RISK_TOLERANCE_ID,INCOME_CATEGORY_ID,INVESTMENT_DURATION_ID,ACCEPTEDTERMS) values ('C35',1,25,1,1,1);
REM INSERTING into INVESTMENT_PURPOSES
SET DEFINE OFF;
Insert into INVESTMENT_PURPOSES (ID,PURPOSE) values (1,'RETIREMENT');
Insert into INVESTMENT_PURPOSES (ID,PURPOSE) values (2,'WEALTH_CREATION');
Insert into INVESTMENT_PURPOSES (ID,PURPOSE) values (3,'EDUCATION');
REM INSERTING into ORDERS
SET DEFINE OFF;
Insert into ORDERS (ORDERID,INSTRUMENTID,QUANTITY,TARGETPRICE,DIRECTION,CLIENTID) values ('c71685e9-b257-4dac-9a37-ebbfda2a3a88','IN001',100,507.88,'SELL','C001');
Insert into ORDERS (ORDERID,INSTRUMENTID,QUANTITY,TARGETPRICE,DIRECTION,CLIENTID) values ('6625b034-bc30-4851-a085-e927e99c11ea','IN004',63,228.86,'BUY','C28');
Insert into ORDERS (ORDERID,INSTRUMENTID,QUANTITY,TARGETPRICE,DIRECTION,CLIENTID) values ('89472dca-ff5a-4812-9ac5-9279e8a3a814','IN090',1000,600,'BUY','C28');
Insert into ORDERS (ORDERID,INSTRUMENTID,QUANTITY,TARGETPRICE,DIRECTION,CLIENTID) values ('9ccdd62d-bf8c-46f1-96ec-27fe2404d231','IN002',1000,235.33,'BUY','C001');
Insert into ORDERS (ORDERID,INSTRUMENTID,QUANTITY,TARGETPRICE,DIRECTION,CLIENTID) values ('d2451114-3704-460d-8046-fa43851d385c','IN099',50152,600,'BUY','C27');
Insert into ORDERS (ORDERID,INSTRUMENTID,QUANTITY,TARGETPRICE,DIRECTION,CLIENTID) values ('e049fe43-eade-4afd-9523-ed071d144493','IN002',300,235.21,'SELL','C27');
Insert into ORDERS (ORDERID,INSTRUMENTID,QUANTITY,TARGETPRICE,DIRECTION,CLIENTID) values ('e0b44d6f-0fed-4e0c-a742-086eb4c83713','IN002',1000,235.33,'BUY','C001');
Insert into ORDERS (ORDERID,INSTRUMENTID,QUANTITY,TARGETPRICE,DIRECTION,CLIENTID) values ('0ba7b9dd-73b9-4c84-81a8-ea092516a3f2','IN008',1539,502.05,'BUY','C001');
Insert into ORDERS (ORDERID,INSTRUMENTID,QUANTITY,TARGETPRICE,DIRECTION,CLIENTID) values ('9872fb7e-e5bc-4a49-a7c7-2b1e27294a7a','IN014',100,113.88,'BUY','C001');
Insert into ORDERS (ORDERID,INSTRUMENTID,QUANTITY,TARGETPRICE,DIRECTION,CLIENTID) values ('3a8a3348-40bc-4b86-ace8-e61f39cd26a0','IN002',100,236.1,'SELL','C002');
Insert into ORDERS (ORDERID,INSTRUMENTID,QUANTITY,TARGETPRICE,DIRECTION,CLIENTID) values ('aac9744d-d1b0-444e-b363-601efcfa355f','IN001',100,508.13,'BUY','C001');
Insert into ORDERS (ORDERID,INSTRUMENTID,QUANTITY,TARGETPRICE,DIRECTION,CLIENTID) values ('66e8fed5-f897-4dfb-a1b5-8cd7f5cc29f9','IN001',100,507.88,'SELL','C001');
Insert into ORDERS (ORDERID,INSTRUMENTID,QUANTITY,TARGETPRICE,DIRECTION,CLIENTID) values ('b58921a8-04bc-4011-9fe1-b28b6b6b4d5d','IN001',100,507.88,'SELL','C001');
Insert into ORDERS (ORDERID,INSTRUMENTID,QUANTITY,TARGETPRICE,DIRECTION,CLIENTID) values ('d7631aa9-a120-4167-8955-30ffe8afdf48','IN001',100,508.13,'BUY','C001');
Insert into ORDERS (ORDERID,INSTRUMENTID,QUANTITY,TARGETPRICE,DIRECTION,CLIENTID) values ('9424aca7-4042-443e-9f18-0686c8ca6903','IN001',100,508.13,'BUY','C001');
Insert into ORDERS (ORDERID,INSTRUMENTID,QUANTITY,TARGETPRICE,DIRECTION,CLIENTID) values ('2e1144d8-0381-4bb9-879a-640cbf543e25','IN001',100,508.13,'BUY','C001');
Insert into ORDERS (ORDERID,INSTRUMENTID,QUANTITY,TARGETPRICE,DIRECTION,CLIENTID) values ('252da951-7922-4d2e-b715-fe2bad241c0e','IN001',100,508.13,'BUY','C001');
Insert into ORDERS (ORDERID,INSTRUMENTID,QUANTITY,TARGETPRICE,DIRECTION,CLIENTID) values ('6ac1a509-6de2-4fd1-b6d8-0ca3f04f8579','IN001',100,508.13,'BUY','C001');
Insert into ORDERS (ORDERID,INSTRUMENTID,QUANTITY,TARGETPRICE,DIRECTION,CLIENTID) values ('cb3b9922-db32-43ed-a16b-37244c310357','IN001',100,508.13,'BUY','C001');
Insert into ORDERS (ORDERID,INSTRUMENTID,QUANTITY,TARGETPRICE,DIRECTION,CLIENTID) values ('ed3bd842-8098-49d5-a2c2-e7c86b12001f','IN001',100,508.13,'BUY','C001');
Insert into ORDERS (ORDERID,INSTRUMENTID,QUANTITY,TARGETPRICE,DIRECTION,CLIENTID) values ('26dca253-1f37-4d1c-941a-d187ae3c32d5','IN001',100,508.13,'BUY','C001');
Insert into ORDERS (ORDERID,INSTRUMENTID,QUANTITY,TARGETPRICE,DIRECTION,CLIENTID) values ('4a855c0a-6c4b-40c8-80aa-78be4fa72e71','IN001',100,508.13,'BUY','C001');
Insert into ORDERS (ORDERID,INSTRUMENTID,QUANTITY,TARGETPRICE,DIRECTION,CLIENTID) values ('b73ccacd-f1a5-471b-afbc-a1a69127511e','IN001',100,508.13,'BUY','C001');
Insert into ORDERS (ORDERID,INSTRUMENTID,QUANTITY,TARGETPRICE,DIRECTION,CLIENTID) values ('1d2a617e-fa1d-416c-bcca-fdf7ee5ce16f','IN001',100,508.13,'BUY','C001');
Insert into ORDERS (ORDERID,INSTRUMENTID,QUANTITY,TARGETPRICE,DIRECTION,CLIENTID) values ('9d6081fb-02c8-45ad-9365-f8e41ed460bb','IN001',100,508.13,'BUY','C001');
Insert into ORDERS (ORDERID,INSTRUMENTID,QUANTITY,TARGETPRICE,DIRECTION,CLIENTID) values ('a9e397a3-e840-4d9b-9a15-2dc1ea888db0','IN001',100,508.13,'BUY','C001');
Insert into ORDERS (ORDERID,INSTRUMENTID,QUANTITY,TARGETPRICE,DIRECTION,CLIENTID) values ('58dc1262-1acd-4b22-9fe4-e6118946d2bc','IN001',100,508.13,'BUY','C001');
Insert into ORDERS (ORDERID,INSTRUMENTID,QUANTITY,TARGETPRICE,DIRECTION,CLIENTID) values ('89dd054b-fb8d-455d-8464-67e13a493727','IN013',4881,356.21,'BUY','C001');
Insert into ORDERS (ORDERID,INSTRUMENTID,QUANTITY,TARGETPRICE,DIRECTION,CLIENTID) values ('1e3a1b57-c53d-47b3-b07c-a63e528845ce','IN001',100,172.55,'BUY','C001');
Insert into ORDERS (ORDERID,INSTRUMENTID,QUANTITY,TARGETPRICE,DIRECTION,CLIENTID) values ('9b092e2d-673d-4762-902f-ab3e15a7d4fd','IN001',100,172.55,'BUY','C001');
Insert into ORDERS (ORDERID,INSTRUMENTID,QUANTITY,TARGETPRICE,DIRECTION,CLIENTID) values ('84e390b4-550a-4be6-8555-9fade9b4d10e','IN001',100,172.55,'BUY','C001');
Insert into ORDERS (ORDERID,INSTRUMENTID,QUANTITY,TARGETPRICE,DIRECTION,CLIENTID) values ('32892dbb-dba7-402a-af2e-635118ff2c25','IN001',100,172.55,'BUY','C001');
Insert into ORDERS (ORDERID,INSTRUMENTID,QUANTITY,TARGETPRICE,DIRECTION,CLIENTID) values ('d843e71b-387e-4aed-bfa2-a015659d9d30','IN001',100,172.55,'BUY','C001');
Insert into ORDERS (ORDERID,INSTRUMENTID,QUANTITY,TARGETPRICE,DIRECTION,CLIENTID) values ('112399c9-b362-439b-ac9d-3362ccfa4085','IN001',100,172.5,'SELL','C001');
Insert into ORDERS (ORDERID,INSTRUMENTID,QUANTITY,TARGETPRICE,DIRECTION,CLIENTID) values ('d128763c-6c73-492d-a2b4-981b1afe7628','IN001',1000,172.5,'SELL','C001');
Insert into ORDERS (ORDERID,INSTRUMENTID,QUANTITY,TARGETPRICE,DIRECTION,CLIENTID) values ('30bb3bb2-d64b-4edf-afcd-848f629c23f3','IN001',100,172.55,'BUY','C001');
Insert into ORDERS (ORDERID,INSTRUMENTID,QUANTITY,TARGETPRICE,DIRECTION,CLIENTID) values ('88b7bc26-8839-4cc3-936b-06d0a559ae6e','IN001',100,172.55,'BUY','C001');
Insert into ORDERS (ORDERID,INSTRUMENTID,QUANTITY,TARGETPRICE,DIRECTION,CLIENTID) values ('43290ee6-92cf-4119-ab1b-95f1e2b3841f','IN001',100,172.55,'BUY','C001');
Insert into ORDERS (ORDERID,INSTRUMENTID,QUANTITY,TARGETPRICE,DIRECTION,CLIENTID) values ('6b95018c-afc8-42cc-8a58-118d63076fa0','IN002',100,236.45,'BUY','C001');
Insert into ORDERS (ORDERID,INSTRUMENTID,QUANTITY,TARGETPRICE,DIRECTION,CLIENTID) values ('3f4fa2ee-effd-4ae8-a80a-6ef7379301bc','IN002',-100,236.45,'BUY','C001');
Insert into ORDERS (ORDERID,INSTRUMENTID,QUANTITY,TARGETPRICE,DIRECTION,CLIENTID) values ('f931dcd8-ccc9-474a-bb20-e364b3297731','IN002',1,236.45,'BUY','C001');
Insert into ORDERS (ORDERID,INSTRUMENTID,QUANTITY,TARGETPRICE,DIRECTION,CLIENTID) values ('823e090f-1fca-4f29-af96-3cb3c080c943','IN002',1000,236.45,'BUY','C001');
Insert into ORDERS (ORDERID,INSTRUMENTID,QUANTITY,TARGETPRICE,DIRECTION,CLIENTID) values ('97ff977b-30fc-49b1-88a1-d2c7def76a67','IN002',3,236.45,'BUY','C20');
Insert into ORDERS (ORDERID,INSTRUMENTID,QUANTITY,TARGETPRICE,DIRECTION,CLIENTID) values ('d57500fe-6f50-4ef5-9053-a9d5d1754821','IN002',2,236.4,'SELL','C20');
Insert into ORDERS (ORDERID,INSTRUMENTID,QUANTITY,TARGETPRICE,DIRECTION,CLIENTID) values ('fe0a9456-3024-411e-aba2-180305d4b216','IN002',9,236.45,'BUY','C20');
Insert into ORDERS (ORDERID,INSTRUMENTID,QUANTITY,TARGETPRICE,DIRECTION,CLIENTID) values ('f6e81bb3-fb76-4fab-bc71-52b453397518','IN007',1546,263.26,'BUY','C001');
Insert into ORDERS (ORDERID,INSTRUMENTID,QUANTITY,TARGETPRICE,DIRECTION,CLIENTID) values ('13988a99-ce4f-4e02-a1ee-4dbab04c2df6','IN004',722,228.86,'BUY','C001');
Insert into ORDERS (ORDERID,INSTRUMENTID,QUANTITY,TARGETPRICE,DIRECTION,CLIENTID) values ('239b7af3-9180-4604-ac6a-b7362c490b2d','IN007',805,263.26,'BUY','C001');
Insert into ORDERS (ORDERID,INSTRUMENTID,QUANTITY,TARGETPRICE,DIRECTION,CLIENTID) values ('2f38e01b-f7bf-41ad-8f68-33389f5ab65e','IN005',1319,262.16,'BUY','C001');
Insert into ORDERS (ORDERID,INSTRUMENTID,QUANTITY,TARGETPRICE,DIRECTION,CLIENTID) values ('64d4a0ca-80f7-4035-a23d-179290359c7f','IN008',1546,502.05,'BUY','C001');
Insert into ORDERS (ORDERID,INSTRUMENTID,QUANTITY,TARGETPRICE,DIRECTION,CLIENTID) values ('eded39c7-72eb-4f53-bf7d-94ea47167ad6','IN003',1100,675.29,'BUY','C001');
Insert into ORDERS (ORDERID,INSTRUMENTID,QUANTITY,TARGETPRICE,DIRECTION,CLIENTID) values ('O001','IN012',150,302.4,'BUY','C001');
Insert into ORDERS (ORDERID,INSTRUMENTID,QUANTITY,TARGETPRICE,DIRECTION,CLIENTID) values ('O002','IN078',25000,100,'BUY','C001');
Insert into ORDERS (ORDERID,INSTRUMENTID,QUANTITY,TARGETPRICE,DIRECTION,CLIENTID) values ('O003','IN045',50000,99.56,'BUY','C001');
Insert into ORDERS (ORDERID,INSTRUMENTID,QUANTITY,TARGETPRICE,DIRECTION,CLIENTID) values ('O004','IN021',40,951.34,'BUY','C002');
Insert into ORDERS (ORDERID,INSTRUMENTID,QUANTITY,TARGETPRICE,DIRECTION,CLIENTID) values ('O005','IN088',10000,100,'BUY','C002');
Insert into ORDERS (ORDERID,INSTRUMENTID,QUANTITY,TARGETPRICE,DIRECTION,CLIENTID) values ('O006','IN038',500,69.54,'BUY','C003');
Insert into ORDERS (ORDERID,INSTRUMENTID,QUANTITY,TARGETPRICE,DIRECTION,CLIENTID) values ('O007','IN095',5000,100,'BUY','C003');
Insert into ORDERS (ORDERID,INSTRUMENTID,QUANTITY,TARGETPRICE,DIRECTION,CLIENTID) values ('O008','IN002',120,236.11,'BUY','C004');
Insert into ORDERS (ORDERID,INSTRUMENTID,QUANTITY,TARGETPRICE,DIRECTION,CLIENTID) values ('O009','IN019',180,157.87,'BUY','C005');
Insert into ORDERS (ORDERID,INSTRUMENTID,QUANTITY,TARGETPRICE,DIRECTION,CLIENTID) values ('O010','IN081',40000,100,'BUY','C005');
Insert into ORDERS (ORDERID,INSTRUMENTID,QUANTITY,TARGETPRICE,DIRECTION,CLIENTID) values ('O011','IN031',60,485.11,'BUY','C006');
Insert into ORDERS (ORDERID,INSTRUMENTID,QUANTITY,TARGETPRICE,DIRECTION,CLIENTID) values ('O012','IN091',15000,100,'BUY','C006');
Insert into ORDERS (ORDERID,INSTRUMENTID,QUANTITY,TARGETPRICE,DIRECTION,CLIENTID) values ('O013','IN008',50,501.21,'BUY','C007');
Insert into ORDERS (ORDERID,INSTRUMENTID,QUANTITY,TARGETPRICE,DIRECTION,CLIENTID) values ('O014','IN025',110,254.11,'BUY','C008');
Insert into ORDERS (ORDERID,INSTRUMENTID,QUANTITY,TARGETPRICE,DIRECTION,CLIENTID) values ('O015','IN085',75000,100,'BUY','C008');
Insert into ORDERS (ORDERID,INSTRUMENTID,QUANTITY,TARGETPRICE,DIRECTION,CLIENTID) values ('O016','IN035',400,119.11,'BUY','C009');
Insert into ORDERS (ORDERID,INSTRUMENTID,QUANTITY,TARGETPRICE,DIRECTION,CLIENTID) values ('O017','IN099',20000,100,'BUY','C009');
Insert into ORDERS (ORDERID,INSTRUMENTID,QUANTITY,TARGETPRICE,DIRECTION,CLIENTID) values ('O018','IN011',90,339.87,'BUY','C010');
Insert into ORDERS (ORDERID,INSTRUMENTID,QUANTITY,TARGETPRICE,DIRECTION,CLIENTID) values ('O019','IN076',60000,100,'BUY','C010');
Insert into ORDERS (ORDERID,INSTRUMENTID,QUANTITY,TARGETPRICE,DIRECTION,CLIENTID) values ('O020','IN042',200000,99.98,'BUY','C011');
Insert into ORDERS (ORDERID,INSTRUMENTID,QUANTITY,TARGETPRICE,DIRECTION,CLIENTID) values ('O021','IN001',80,508.47,'BUY','C011');
Insert into ORDERS (ORDERID,INSTRUMENTID,QUANTITY,TARGETPRICE,DIRECTION,CLIENTID) values ('O040','IN051',75000,97.26,'BUY','C002');
Insert into ORDERS (ORDERID,INSTRUMENTID,QUANTITY,TARGETPRICE,DIRECTION,CLIENTID) values ('O041','IN015',200,96.87,'BUY','C002');
Insert into ORDERS (ORDERID,INSTRUMENTID,QUANTITY,TARGETPRICE,DIRECTION,CLIENTID) values ('O042','IN062',20000,99.25,'BUY','C003');
Insert into ORDERS (ORDERID,INSTRUMENTID,QUANTITY,TARGETPRICE,DIRECTION,CLIENTID) values ('O043','IN071',150000,100,'BUY','C004');
Insert into ORDERS (ORDERID,INSTRUMENTID,QUANTITY,TARGETPRICE,DIRECTION,CLIENTID) values ('O044','IN029',300,68.54,'BUY','C004');
Insert into ORDERS (ORDERID,INSTRUMENTID,QUANTITY,TARGETPRICE,DIRECTION,CLIENTID) values ('O045','IN058',80000,98.68,'BUY','C005');
Insert into ORDERS (ORDERID,INSTRUMENTID,QUANTITY,TARGETPRICE,DIRECTION,CLIENTID) values ('O046','IN048',60000,96.41,'BUY','C006');
Insert into ORDERS (ORDERID,INSTRUMENTID,QUANTITY,TARGETPRICE,DIRECTION,CLIENTID) values ('O047','IN065',120000,99.68,'BUY','C007');
Insert into ORDERS (ORDERID,INSTRUMENTID,QUANTITY,TARGETPRICE,DIRECTION,CLIENTID) values ('O048','IN053',30000,97.81,'BUY','C008');
Insert into ORDERS (ORDERID,INSTRUMENTID,QUANTITY,TARGETPRICE,DIRECTION,CLIENTID) values ('O049','IN069',100000,99.98,'BUY','C009');
Insert into ORDERS (ORDERID,INSTRUMENTID,QUANTITY,TARGETPRICE,DIRECTION,CLIENTID) values ('O050','IN005',70,214.11,'BUY','C001');
Insert into ORDERS (ORDERID,INSTRUMENTID,QUANTITY,TARGETPRICE,DIRECTION,CLIENTID) values ('O051','IN033',25,491.23,'BUY','C001');
Insert into ORDERS (ORDERID,INSTRUMENTID,QUANTITY,TARGETPRICE,DIRECTION,CLIENTID) values ('O052','IN003',50,175.2,'BUY','C001');
Insert into ORDERS (ORDERID,INSTRUMENTID,QUANTITY,TARGETPRICE,DIRECTION,CLIENTID) values ('O053','IN006',20,745.6,'BUY','C002');
Insert into ORDERS (ORDERID,INSTRUMENTID,QUANTITY,TARGETPRICE,DIRECTION,CLIENTID) values ('O054','IN009',15,730.25,'BUY','C003');
Insert into ORDERS (ORDERID,INSTRUMENTID,QUANTITY,TARGETPRICE,DIRECTION,CLIENTID) values ('O055','IN010',40,305.5,'BUY','C004');
Insert into ORDERS (ORDERID,INSTRUMENTID,QUANTITY,TARGETPRICE,DIRECTION,CLIENTID) values ('O056','IN013',30,350.2,'BUY','C005');
Insert into ORDERS (ORDERID,INSTRUMENTID,QUANTITY,TARGETPRICE,DIRECTION,CLIENTID) values ('O057','IN016',25,305.4,'BUY','C006');
Insert into ORDERS (ORDERID,INSTRUMENTID,QUANTITY,TARGETPRICE,DIRECTION,CLIENTID) values ('O058','IN017',20,592.1,'BUY','C007');
Insert into ORDERS (ORDERID,INSTRUMENTID,QUANTITY,TARGETPRICE,DIRECTION,CLIENTID) values ('O059','IN020',30,405.9,'BUY','C008');
Insert into ORDERS (ORDERID,INSTRUMENTID,QUANTITY,TARGETPRICE,DIRECTION,CLIENTID) values ('O060','IN023',50,209.5,'BUY','C009');
Insert into ORDERS (ORDERID,INSTRUMENTID,QUANTITY,TARGETPRICE,DIRECTION,CLIENTID) values ('O061','IN026',200,50.5,'BUY','C010');
Insert into ORDERS (ORDERID,INSTRUMENTID,QUANTITY,TARGETPRICE,DIRECTION,CLIENTID) values ('O062','IN027',10,1215,'BUY','C011');
Insert into ORDERS (ORDERID,INSTRUMENTID,QUANTITY,TARGETPRICE,DIRECTION,CLIENTID) values ('O072','IN047',50000,99.93,'BUY','C001');
Insert into ORDERS (ORDERID,INSTRUMENTID,QUANTITY,TARGETPRICE,DIRECTION,CLIENTID) values ('O073','IN050',60000,96.97,'BUY','C002');
Insert into ORDERS (ORDERID,INSTRUMENTID,QUANTITY,TARGETPRICE,DIRECTION,CLIENTID) values ('O074','IN052',70000,97.52,'BUY','C003');
Insert into ORDERS (ORDERID,INSTRUMENTID,QUANTITY,TARGETPRICE,DIRECTION,CLIENTID) values ('O075','IN054',80000,98.02,'BUY','C004');
Insert into ORDERS (ORDERID,INSTRUMENTID,QUANTITY,TARGETPRICE,DIRECTION,CLIENTID) values ('O076','IN056',90000,98.28,'BUY','C005');
Insert into ORDERS (ORDERID,INSTRUMENTID,QUANTITY,TARGETPRICE,DIRECTION,CLIENTID) values ('O077','IN057',100000,98.5,'BUY','C006');
Insert into ORDERS (ORDERID,INSTRUMENTID,QUANTITY,TARGETPRICE,DIRECTION,CLIENTID) values ('O078','IN060',110000,98.95,'BUY','C007');
Insert into ORDERS (ORDERID,INSTRUMENTID,QUANTITY,TARGETPRICE,DIRECTION,CLIENTID) values ('O079','IN061',120000,99.08,'BUY','C008');
Insert into ORDERS (ORDERID,INSTRUMENTID,QUANTITY,TARGETPRICE,DIRECTION,CLIENTID) values ('O080','IN064',130000,99.51,'BUY','C009');
Insert into ORDERS (ORDERID,INSTRUMENTID,QUANTITY,TARGETPRICE,DIRECTION,CLIENTID) values ('O081','IN066',140000,99.63,'BUY','C010');
Insert into ORDERS (ORDERID,INSTRUMENTID,QUANTITY,TARGETPRICE,DIRECTION,CLIENTID) values ('O082','IN067',150000,99.8,'BUY','C011');
Insert into ORDERS (ORDERID,INSTRUMENTID,QUANTITY,TARGETPRICE,DIRECTION,CLIENTID) values ('O092','IN083',250000,100,'BUY','C001');
Insert into ORDERS (ORDERID,INSTRUMENTID,QUANTITY,TARGETPRICE,DIRECTION,CLIENTID) values ('O093','IN084',10000,100,'BUY','C002');
Insert into ORDERS (ORDERID,INSTRUMENTID,QUANTITY,TARGETPRICE,DIRECTION,CLIENTID) values ('O094','IN087',20000,100,'BUY','C003');
Insert into ORDERS (ORDERID,INSTRUMENTID,QUANTITY,TARGETPRICE,DIRECTION,CLIENTID) values ('O095','IN090',30000,100,'BUY','C004');
Insert into ORDERS (ORDERID,INSTRUMENTID,QUANTITY,TARGETPRICE,DIRECTION,CLIENTID) values ('O096','IN093',40000,100,'BUY','C005');
Insert into ORDERS (ORDERID,INSTRUMENTID,QUANTITY,TARGETPRICE,DIRECTION,CLIENTID) values ('O097','IN094',50000,100,'BUY','C006');
Insert into ORDERS (ORDERID,INSTRUMENTID,QUANTITY,TARGETPRICE,DIRECTION,CLIENTID) values ('O098','IN097',60000,100,'BUY','C007');
Insert into ORDERS (ORDERID,INSTRUMENTID,QUANTITY,TARGETPRICE,DIRECTION,CLIENTID) values ('O099','IN098',70000,100,'BUY','C008');
Insert into ORDERS (ORDERID,INSTRUMENTID,QUANTITY,TARGETPRICE,DIRECTION,CLIENTID) values ('O100','IN100',80000,100,'BUY','C009');
Insert into ORDERS (ORDERID,INSTRUMENTID,QUANTITY,TARGETPRICE,DIRECTION,CLIENTID) values ('O101','IN012',50,304.11,'SELL','C001');
Insert into ORDERS (ORDERID,INSTRUMENTID,QUANTITY,TARGETPRICE,DIRECTION,CLIENTID) values ('O102','IN021',10,951.21,'SELL','C002');
Insert into ORDERS (ORDERID,INSTRUMENTID,QUANTITY,TARGETPRICE,DIRECTION,CLIENTID) values ('O103','IN038',100,69.65,'SELL','C003');
Insert into ORDERS (ORDERID,INSTRUMENTID,QUANTITY,TARGETPRICE,DIRECTION,CLIENTID) values ('O104','IN002',20,235.11,'SELL','C004');
Insert into ORDERS (ORDERID,INSTRUMENTID,QUANTITY,TARGETPRICE,DIRECTION,CLIENTID) values ('O105','IN019',30,157.99,'SELL','C005');
Insert into ORDERS (ORDERID,INSTRUMENTID,QUANTITY,TARGETPRICE,DIRECTION,CLIENTID) values ('O106','IN031',15,489.01,'SELL','C006');
Insert into ORDERS (ORDERID,INSTRUMENTID,QUANTITY,TARGETPRICE,DIRECTION,CLIENTID) values ('O107','IN008',10,503.43,'SELL','C007');
Insert into ORDERS (ORDERID,INSTRUMENTID,QUANTITY,TARGETPRICE,DIRECTION,CLIENTID) values ('O108','IN025',25,255.99,'SELL','C008');
Insert into ORDERS (ORDERID,INSTRUMENTID,QUANTITY,TARGETPRICE,DIRECTION,CLIENTID) values ('O109','IN035',100,119.01,'SELL','C009');
Insert into ORDERS (ORDERID,INSTRUMENTID,QUANTITY,TARGETPRICE,DIRECTION,CLIENTID) values ('O110','IN011',20,341.99,'SELL','C010');
Insert into ORDERS (ORDERID,INSTRUMENTID,QUANTITY,TARGETPRICE,DIRECTION,CLIENTID) values ('O111','IN001',30,507.88,'SELL','C011');
Insert into ORDERS (ORDERID,INSTRUMENTID,QUANTITY,TARGETPRICE,DIRECTION,CLIENTID) values ('O121','IN003',20,178.01,'SELL','C001');
Insert into ORDERS (ORDERID,INSTRUMENTID,QUANTITY,TARGETPRICE,DIRECTION,CLIENTID) values ('O122','IN006',10,744.01,'SELL','C002');
Insert into ORDERS (ORDERID,INSTRUMENTID,QUANTITY,TARGETPRICE,DIRECTION,CLIENTID) values ('O123','IN009',5,734.01,'SELL','C003');
Insert into ORDERS (ORDERID,INSTRUMENTID,QUANTITY,TARGETPRICE,DIRECTION,CLIENTID) values ('O124','IN010',15,307.54,'SELL','C004');
Insert into ORDERS (ORDERID,INSTRUMENTID,QUANTITY,TARGETPRICE,DIRECTION,CLIENTID) values ('O125','IN013',10,356.21,'SELL','C005');
Insert into ORDERS (ORDERID,INSTRUMENTID,QUANTITY,TARGETPRICE,DIRECTION,CLIENTID) values ('c63fa5e8-8042-4724-853f-02e058cbc1d9','IN001',100,508.13,'BUY','C001');
Insert into ORDERS (ORDERID,INSTRUMENTID,QUANTITY,TARGETPRICE,DIRECTION,CLIENTID) values ('2ca65977-867c-4925-874f-842ece45ee55','IN001',100,172.55,'BUY','C001');
Insert into ORDERS (ORDERID,INSTRUMENTID,QUANTITY,TARGETPRICE,DIRECTION,CLIENTID) values ('a3970b85-6395-46a0-869b-9c34fb33de48','IN002',1,236.4,'SELL','C20');
Insert into ORDERS (ORDERID,INSTRUMENTID,QUANTITY,TARGETPRICE,DIRECTION,CLIENTID) values ('79bc2f52-8027-4e61-8bf5-62f1c2ff8faf','IN002',11,236.45,'BUY','C20');
Insert into ORDERS (ORDERID,INSTRUMENTID,QUANTITY,TARGETPRICE,DIRECTION,CLIENTID) values ('75c31327-d7d5-4b71-b218-049a9668f97b','IN002',20,236.4,'SELL','C20');
Insert into ORDERS (ORDERID,INSTRUMENTID,QUANTITY,TARGETPRICE,DIRECTION,CLIENTID) values ('55062ba4-d9e6-4208-8532-4597e3c79bb8','IN002',8,236.45,'BUY','C20');
Insert into ORDERS (ORDERID,INSTRUMENTID,QUANTITY,TARGETPRICE,DIRECTION,CLIENTID) values ('0d94c970-bc61-4600-9eb2-10c626ab7d9c','IN002',1000,236.45,'BUY','C001');
Insert into ORDERS (ORDERID,INSTRUMENTID,QUANTITY,TARGETPRICE,DIRECTION,CLIENTID) values ('6e4e3fc0-bba2-4efa-acdc-83efdab36c0f','IN002',1000,236.45,'BUY','C001');
Insert into ORDERS (ORDERID,INSTRUMENTID,QUANTITY,TARGETPRICE,DIRECTION,CLIENTID) values ('e2cda762-f894-4ca6-a737-2539644e8617','IN002',1000,236.45,'BUY','C001');
Insert into ORDERS (ORDERID,INSTRUMENTID,QUANTITY,TARGETPRICE,DIRECTION,CLIENTID) values ('f127b532-ebe4-4448-a960-4715d28a132f','IN093',44599,600,'BUY','C27');
Insert into ORDERS (ORDERID,INSTRUMENTID,QUANTITY,TARGETPRICE,DIRECTION,CLIENTID) values ('f7cf2b80-f54e-4651-acc3-770ee6995968','IN005',558,262.16,'BUY','C27');
Insert into ORDERS (ORDERID,INSTRUMENTID,QUANTITY,TARGETPRICE,DIRECTION,CLIENTID) values ('4b95202c-aba8-4bda-927b-d20786467134','IN005',558,262.16,'BUY','C27');
Insert into ORDERS (ORDERID,INSTRUMENTID,QUANTITY,TARGETPRICE,DIRECTION,CLIENTID) values ('d6c35949-b8ef-4eb2-aea0-9e8afe1a3735','IN001',100,508.13,'BUY','C001');
Insert into ORDERS (ORDERID,INSTRUMENTID,QUANTITY,TARGETPRICE,DIRECTION,CLIENTID) values ('20fa9109-626c-4d1e-ba7a-685948ffad74','IN001',100,508.13,'BUY','C001');
Insert into ORDERS (ORDERID,INSTRUMENTID,QUANTITY,TARGETPRICE,DIRECTION,CLIENTID) values ('07d329c4-ae63-4006-9101-52f11b0a8a61','IN001',100,508.13,'BUY','C001');
Insert into ORDERS (ORDERID,INSTRUMENTID,QUANTITY,TARGETPRICE,DIRECTION,CLIENTID) values ('857507b9-044f-42a7-a06e-c92b55bba67c','IN001',100,507.88,'SELL','C001');
Insert into ORDERS (ORDERID,INSTRUMENTID,QUANTITY,TARGETPRICE,DIRECTION,CLIENTID) values ('51cacc58-bb20-4b2b-a938-79b34ac61b1d','IN001',100,507.88,'SELL','C001');
Insert into ORDERS (ORDERID,INSTRUMENTID,QUANTITY,TARGETPRICE,DIRECTION,CLIENTID) values ('2bbfb71f-c572-4070-92b4-373fa698c05a','IN001',100,508.13,'BUY','C001');
Insert into ORDERS (ORDERID,INSTRUMENTID,QUANTITY,TARGETPRICE,DIRECTION,CLIENTID) values ('639132a8-4f57-40be-8b93-5651a0c81fa2','IN001',1011,501.7,'BUY','C28');
Insert into ORDERS (ORDERID,INSTRUMENTID,QUANTITY,TARGETPRICE,DIRECTION,CLIENTID) values ('f9320375-29b9-4a79-a1e8-5ebf9d52d9e2','IN002',5,235.33,'BUY','C28');
Insert into ORDERS (ORDERID,INSTRUMENTID,QUANTITY,TARGETPRICE,DIRECTION,CLIENTID) values ('0487e942-99c0-4d12-8340-ed2f73970d81','IN098',72287,600,'BUY','C27');
Insert into ORDERS (ORDERID,INSTRUMENTID,QUANTITY,TARGETPRICE,DIRECTION,CLIENTID) values ('a504c4d2-d482-4ca7-bb4f-25cb4b9e8df1','IN077',78440,600,'BUY','C27');
Insert into ORDERS (ORDERID,INSTRUMENTID,QUANTITY,TARGETPRICE,DIRECTION,CLIENTID) values ('28190f8e-1a21-453c-96d8-ffcd1b5c2667','IN002',1711,235.33,'BUY','C27');
Insert into ORDERS (ORDERID,INSTRUMENTID,QUANTITY,TARGETPRICE,DIRECTION,CLIENTID) values ('06b136a7-47fd-4ca4-888c-8d58deb5c2ae','IN006',5829,745.97,'BUY','C27');
Insert into ORDERS (ORDERID,INSTRUMENTID,QUANTITY,TARGETPRICE,DIRECTION,CLIENTID) values ('2d9db1e9-bdef-416c-a315-bffe57cfc592','IN002',1000,235.33,'BUY','C001');
Insert into ORDERS (ORDERID,INSTRUMENTID,QUANTITY,TARGETPRICE,DIRECTION,CLIENTID) values ('b0134d5c-81ce-4815-8798-814a526c7e02','IN008',1052,502.05,'BUY','C27');
Insert into ORDERS (ORDERID,INSTRUMENTID,QUANTITY,TARGETPRICE,DIRECTION,CLIENTID) values ('630bc453-57a2-49e5-9bb4-faffd5694e10','IN001',100,507.88,'SELL','C001');
Insert into ORDERS (ORDERID,INSTRUMENTID,QUANTITY,TARGETPRICE,DIRECTION,CLIENTID) values ('88485d80-20ec-4826-80ef-832f34cdd706','IN002',1011,236.45,'BUY','C001');
Insert into ORDERS (ORDERID,INSTRUMENTID,QUANTITY,TARGETPRICE,DIRECTION,CLIENTID) values ('dc52900a-0735-4805-a815-7f2c908c8c78','IN002',1,236.45,'BUY','C001');
Insert into ORDERS (ORDERID,INSTRUMENTID,QUANTITY,TARGETPRICE,DIRECTION,CLIENTID) values ('4e30f5b2-2b89-4345-8633-a6fc21fda8f6','IN001',397,501.45,'SELL','C28');
Insert into ORDERS (ORDERID,INSTRUMENTID,QUANTITY,TARGETPRICE,DIRECTION,CLIENTID) values ('bc34cb39-1f3e-4b50-ba6d-e59ac65dc272','IN098',1000,600,'BUY','C28');
Insert into ORDERS (ORDERID,INSTRUMENTID,QUANTITY,TARGETPRICE,DIRECTION,CLIENTID) values ('c476f070-a750-4a39-8c24-2f1acf0fb67b','IN001',1,501.7,'BUY','C001');
Insert into ORDERS (ORDERID,INSTRUMENTID,QUANTITY,TARGETPRICE,DIRECTION,CLIENTID) values ('0f15ceb0-635a-4971-a128-4d6abcdec50b','IN007',3217,263.26,'BUY','C001');
Insert into ORDERS (ORDERID,INSTRUMENTID,QUANTITY,TARGETPRICE,DIRECTION,CLIENTID) values ('0bd1cd47-1456-4428-a46b-17d46a4e0eea','IN001',813,501.45,'SELL','C001');
REM INSERTING into PORTFOLIO_HOLDINGS
SET DEFINE OFF;
Insert into PORTFOLIO_HOLDINGS (PORTFOLIOID,INSTRUMENTID,QUANTITY) values ('C001','IN001',488);
Insert into PORTFOLIO_HOLDINGS (PORTFOLIOID,INSTRUMENTID,QUANTITY) values ('C001','IN078',13516);
Insert into PORTFOLIO_HOLDINGS (PORTFOLIOID,INSTRUMENTID,QUANTITY) values ('C001','IN014',300);
Insert into PORTFOLIO_HOLDINGS (PORTFOLIOID,INSTRUMENTID,QUANTITY) values ('C001','IN007',5568);
Insert into PORTFOLIO_HOLDINGS (PORTFOLIOID,INSTRUMENTID,QUANTITY) values ('C001','IN047',50000);
Insert into PORTFOLIO_HOLDINGS (PORTFOLIOID,INSTRUMENTID,QUANTITY) values ('C001','IN045',50000);
Insert into PORTFOLIO_HOLDINGS (PORTFOLIOID,INSTRUMENTID,QUANTITY) values ('C001','IN033',25);
Insert into PORTFOLIO_HOLDINGS (PORTFOLIOID,INSTRUMENTID,QUANTITY) values ('C001','IN013',11418);
Insert into PORTFOLIO_HOLDINGS (PORTFOLIOID,INSTRUMENTID,QUANTITY) values ('C001','IN005',1389);
Insert into PORTFOLIO_HOLDINGS (PORTFOLIOID,INSTRUMENTID,QUANTITY) values ('C001','IN011',2637);
Insert into PORTFOLIO_HOLDINGS (PORTFOLIOID,INSTRUMENTID,QUANTITY) values ('C001','IN004',722);
Insert into PORTFOLIO_HOLDINGS (PORTFOLIOID,INSTRUMENTID,QUANTITY) values ('C001','IN002',8013);
Insert into PORTFOLIO_HOLDINGS (PORTFOLIOID,INSTRUMENTID,QUANTITY) values ('C001','IN083',250);
Insert into PORTFOLIO_HOLDINGS (PORTFOLIOID,INSTRUMENTID,QUANTITY) values ('C001','IN012',100);
Insert into PORTFOLIO_HOLDINGS (PORTFOLIOID,INSTRUMENTID,QUANTITY) values ('C001','IN008',3085);
Insert into PORTFOLIO_HOLDINGS (PORTFOLIOID,INSTRUMENTID,QUANTITY) values ('C001','IN003',1130);
Insert into PORTFOLIO_HOLDINGS (PORTFOLIOID,INSTRUMENTID,QUANTITY) values ('C001','IN002',12);


REM INSERTING into PORTFOLIOS
SET DEFINE OFF;
Insert into PORTFOLIOS (CLIENTID) values ('C001');
Insert into PORTFOLIOS (CLIENTID) values ('C002');
Insert into PORTFOLIOS (CLIENTID) values ('C003');
Insert into PORTFOLIOS (CLIENTID) values ('C004');
Insert into PORTFOLIOS (CLIENTID) values ('C005');
Insert into PORTFOLIOS (CLIENTID) values ('C006');
Insert into PORTFOLIOS (CLIENTID) values ('C007');
Insert into PORTFOLIOS (CLIENTID) values ('C008');
Insert into PORTFOLIOS (CLIENTID) values ('C009');
Insert into PORTFOLIOS (CLIENTID) values ('C010');
Insert into PORTFOLIOS (CLIENTID) values ('C011');
Insert into PORTFOLIOS (CLIENTID) values ('C20');
Insert into PORTFOLIOS (CLIENTID) values ('C27');
Insert into PORTFOLIOS (CLIENTID) values ('C28');
REM INSERTING into PRICES
SET DEFINE OFF;
Insert into PRICES (INSTRUMENTID,BIDPRICE,ASKPRICE,TIMESTAMP) values ('IN067',99.8,99.81,to_timestamp('27-AUG-25 08.00.00.000000000 PM','DD-MON-RR HH.MI.SSXFF AM'));
Insert into PRICES (INSTRUMENTID,BIDPRICE,ASKPRICE,TIMESTAMP) values ('IN068',99.91,99.92,to_timestamp('27-AUG-25 08.00.00.000000000 PM','DD-MON-RR HH.MI.SSXFF AM'));
Insert into PRICES (INSTRUMENTID,BIDPRICE,ASKPRICE,TIMESTAMP) values ('IN069',99.97,99.98,to_timestamp('27-AUG-25 08.00.00.000000000 PM','DD-MON-RR HH.MI.SSXFF AM'));
Insert into PRICES (INSTRUMENTID,BIDPRICE,ASKPRICE,TIMESTAMP) values ('IN070',99.96,99.97,to_timestamp('27-AUG-25 08.00.00.000000000 PM','DD-MON-RR HH.MI.SSXFF AM'));
Insert into PRICES (INSTRUMENTID,BIDPRICE,ASKPRICE,TIMESTAMP) values ('IN071',99.99,100,to_timestamp('27-AUG-25 08.00.00.000000000 PM','DD-MON-RR HH.MI.SSXFF AM'));
Insert into PRICES (INSTRUMENTID,BIDPRICE,ASKPRICE,TIMESTAMP) values ('IN072',100.01,100.02,to_timestamp('27-AUG-25 08.00.00.000000000 PM','DD-MON-RR HH.MI.SSXFF AM'));
Insert into PRICES (INSTRUMENTID,BIDPRICE,ASKPRICE,TIMESTAMP) values ('IN073',100.02,100.03,to_timestamp('27-AUG-25 08.00.00.000000000 PM','DD-MON-RR HH.MI.SSXFF AM'));
Insert into PRICES (INSTRUMENTID,BIDPRICE,ASKPRICE,TIMESTAMP) values ('IN074',99.25,99.26,to_timestamp('27-AUG-25 08.00.00.000000000 PM','DD-MON-RR HH.MI.SSXFF AM'));
Insert into PRICES (INSTRUMENTID,BIDPRICE,ASKPRICE,TIMESTAMP) values ('IN075',100.03,100.04,to_timestamp('27-AUG-25 08.00.00.000000000 PM','DD-MON-RR HH.MI.SSXFF AM'));
Insert into PRICES (INSTRUMENTID,BIDPRICE,ASKPRICE,TIMESTAMP) values ('IN076',100,100,to_timestamp('27-AUG-25 08.00.00.000000000 PM','DD-MON-RR HH.MI.SSXFF AM'));
Insert into PRICES (INSTRUMENTID,BIDPRICE,ASKPRICE,TIMESTAMP) values ('IN077',100,100,to_timestamp('27-AUG-25 08.00.00.000000000 PM','DD-MON-RR HH.MI.SSXFF AM'));
Insert into PRICES (INSTRUMENTID,BIDPRICE,ASKPRICE,TIMESTAMP) values ('IN078',100,100,to_timestamp('27-AUG-25 08.00.00.000000000 PM','DD-MON-RR HH.MI.SSXFF AM'));
Insert into PRICES (INSTRUMENTID,BIDPRICE,ASKPRICE,TIMESTAMP) values ('IN079',100,100,to_timestamp('27-AUG-25 08.00.00.000000000 PM','DD-MON-RR HH.MI.SSXFF AM'));
Insert into PRICES (INSTRUMENTID,BIDPRICE,ASKPRICE,TIMESTAMP) values ('IN080',100,100,to_timestamp('27-AUG-25 08.00.00.000000000 PM','DD-MON-RR HH.MI.SSXFF AM'));
Insert into PRICES (INSTRUMENTID,BIDPRICE,ASKPRICE,TIMESTAMP) values ('IN081',100,100,to_timestamp('27-AUG-25 08.00.00.000000000 PM','DD-MON-RR HH.MI.SSXFF AM'));
Insert into PRICES (INSTRUMENTID,BIDPRICE,ASKPRICE,TIMESTAMP) values ('IN082',100,100,to_timestamp('27-AUG-25 08.00.00.000000000 PM','DD-MON-RR HH.MI.SSXFF AM'));
Insert into PRICES (INSTRUMENTID,BIDPRICE,ASKPRICE,TIMESTAMP) values ('IN083',100,100,to_timestamp('27-AUG-25 08.00.00.000000000 PM','DD-MON-RR HH.MI.SSXFF AM'));
Insert into PRICES (INSTRUMENTID,BIDPRICE,ASKPRICE,TIMESTAMP) values ('IN084',100,100,to_timestamp('27-AUG-25 08.00.00.000000000 PM','DD-MON-RR HH.MI.SSXFF AM'));
Insert into PRICES (INSTRUMENTID,BIDPRICE,ASKPRICE,TIMESTAMP) values ('IN085',100,100,to_timestamp('27-AUG-25 08.00.00.000000000 PM','DD-MON-RR HH.MI.SSXFF AM'));
Insert into PRICES (INSTRUMENTID,BIDPRICE,ASKPRICE,TIMESTAMP) values ('IN086',100,100,to_timestamp('27-AUG-25 08.00.00.000000000 PM','DD-MON-RR HH.MI.SSXFF AM'));
Insert into PRICES (INSTRUMENTID,BIDPRICE,ASKPRICE,TIMESTAMP) values ('IN087',100,100,to_timestamp('27-AUG-25 08.00.00.000000000 PM','DD-MON-RR HH.MI.SSXFF AM'));
Insert into PRICES (INSTRUMENTID,BIDPRICE,ASKPRICE,TIMESTAMP) values ('IN088',100,100,to_timestamp('27-AUG-25 08.00.00.000000000 PM','DD-MON-RR HH.MI.SSXFF AM'));
Insert into PRICES (INSTRUMENTID,BIDPRICE,ASKPRICE,TIMESTAMP) values ('IN089',100,100,to_timestamp('27-AUG-25 08.00.00.000000000 PM','DD-MON-RR HH.MI.SSXFF AM'));
Insert into PRICES (INSTRUMENTID,BIDPRICE,ASKPRICE,TIMESTAMP) values ('IN090',100,100,to_timestamp('27-AUG-25 08.00.00.000000000 PM','DD-MON-RR HH.MI.SSXFF AM'));
Insert into PRICES (INSTRUMENTID,BIDPRICE,ASKPRICE,TIMESTAMP) values ('IN091',100,100,to_timestamp('27-AUG-25 08.00.00.000000000 PM','DD-MON-RR HH.MI.SSXFF AM'));
Insert into PRICES (INSTRUMENTID,BIDPRICE,ASKPRICE,TIMESTAMP) values ('IN092',100,100,to_timestamp('27-AUG-25 08.00.00.000000000 PM','DD-MON-RR HH.MI.SSXFF AM'));
Insert into PRICES (INSTRUMENTID,BIDPRICE,ASKPRICE,TIMESTAMP) values ('IN093',100,100,to_timestamp('27-AUG-25 08.00.00.000000000 PM','DD-MON-RR HH.MI.SSXFF AM'));
Insert into PRICES (INSTRUMENTID,BIDPRICE,ASKPRICE,TIMESTAMP) values ('IN094',100,100,to_timestamp('27-AUG-25 08.00.00.000000000 PM','DD-MON-RR HH.MI.SSXFF AM'));
Insert into PRICES (INSTRUMENTID,BIDPRICE,ASKPRICE,TIMESTAMP) values ('IN095',100,100,to_timestamp('27-AUG-25 08.00.00.000000000 PM','DD-MON-RR HH.MI.SSXFF AM'));
Insert into PRICES (INSTRUMENTID,BIDPRICE,ASKPRICE,TIMESTAMP) values ('IN096',100,100,to_timestamp('27-AUG-25 08.00.00.000000000 PM','DD-MON-RR HH.MI.SSXFF AM'));
Insert into PRICES (INSTRUMENTID,BIDPRICE,ASKPRICE,TIMESTAMP) values ('IN097',100,100,to_timestamp('27-AUG-25 08.00.00.000000000 PM','DD-MON-RR HH.MI.SSXFF AM'));
Insert into PRICES (INSTRUMENTID,BIDPRICE,ASKPRICE,TIMESTAMP) values ('IN098',100,100,to_timestamp('27-AUG-25 08.00.00.000000000 PM','DD-MON-RR HH.MI.SSXFF AM'));
Insert into PRICES (INSTRUMENTID,BIDPRICE,ASKPRICE,TIMESTAMP) values ('IN099',100,100,to_timestamp('27-AUG-25 08.00.00.000000000 PM','DD-MON-RR HH.MI.SSXFF AM'));
Insert into PRICES (INSTRUMENTID,BIDPRICE,ASKPRICE,TIMESTAMP) values ('IN100',100,100,to_timestamp('27-AUG-25 08.00.00.000000000 PM','DD-MON-RR HH.MI.SSXFF AM'));
Insert into PRICES (INSTRUMENTID,BIDPRICE,ASKPRICE,TIMESTAMP) values ('IN001',505.11,505.36,to_timestamp('28-AUG-25 08.00.00.000000000 PM','DD-MON-RR HH.MI.SSXFF AM'));
Insert into PRICES (INSTRUMENTID,BIDPRICE,ASKPRICE,TIMESTAMP) values ('IN002',234.21,234.33,to_timestamp('28-AUG-25 08.00.00.000000000 PM','DD-MON-RR HH.MI.SSXFF AM'));
Insert into PRICES (INSTRUMENTID,BIDPRICE,ASKPRICE,TIMESTAMP) values ('IN003',176.88,176.97,to_timestamp('28-AUG-25 08.00.00.000000000 PM','DD-MON-RR HH.MI.SSXFF AM'));
Insert into PRICES (INSTRUMENTID,BIDPRICE,ASKPRICE,TIMESTAMP) values ('IN004',231.01,231.12,to_timestamp('28-AUG-25 08.00.00.000000000 PM','DD-MON-RR HH.MI.SSXFF AM'));
Insert into PRICES (INSTRUMENTID,BIDPRICE,ASKPRICE,TIMESTAMP) values ('IN005',215.99,216.1,to_timestamp('28-AUG-25 08.00.00.000000000 PM','DD-MON-RR HH.MI.SSXFF AM'));
Insert into PRICES (INSTRUMENTID,BIDPRICE,ASKPRICE,TIMESTAMP) values ('IN006',741.22,741.59,to_timestamp('28-AUG-25 08.00.00.000000000 PM','DD-MON-RR HH.MI.SSXFF AM'));
Insert into PRICES (INSTRUMENTID,BIDPRICE,ASKPRICE,TIMESTAMP) values ('IN007',218.01,218.12,to_timestamp('28-AUG-25 08.00.00.000000000 PM','DD-MON-RR HH.MI.SSXFF AM'));
Insert into PRICES (INSTRUMENTID,BIDPRICE,ASKPRICE,TIMESTAMP) values ('IN008',503.43,503.68,to_timestamp('28-AUG-25 08.00.00.000000000 PM','DD-MON-RR HH.MI.SSXFF AM'));
Insert into PRICES (INSTRUMENTID,BIDPRICE,ASKPRICE,TIMESTAMP) values ('IN009',731.21,731.57,to_timestamp('28-AUG-25 08.00.00.000000000 PM','DD-MON-RR HH.MI.SSXFF AM'));
Insert into PRICES (INSTRUMENTID,BIDPRICE,ASKPRICE,TIMESTAMP) values ('IN010',306.01,306.16,to_timestamp('28-AUG-25 08.00.00.000000000 PM','DD-MON-RR HH.MI.SSXFF AM'));
Insert into PRICES (INSTRUMENTID,BIDPRICE,ASKPRICE,TIMESTAMP) values ('IN011',341.99,342.16,to_timestamp('28-AUG-25 08.00.00.000000000 PM','DD-MON-RR HH.MI.SSXFF AM'));
Insert into PRICES (INSTRUMENTID,BIDPRICE,ASKPRICE,TIMESTAMP) values ('IN012',302.88,303.03,to_timestamp('28-AUG-25 08.00.00.000000000 PM','DD-MON-RR HH.MI.SSXFF AM'));
Insert into PRICES (INSTRUMENTID,BIDPRICE,ASKPRICE,TIMESTAMP) values ('IN013',355.01,355.19,to_timestamp('28-AUG-25 08.00.00.000000000 PM','DD-MON-RR HH.MI.SSXFF AM'));
Insert into PRICES (INSTRUMENTID,BIDPRICE,ASKPRICE,TIMESTAMP) values ('IN014',114.11,114.17,to_timestamp('28-AUG-25 08.00.00.000000000 PM','DD-MON-RR HH.MI.SSXFF AM'));
Insert into PRICES (INSTRUMENTID,BIDPRICE,ASKPRICE,TIMESTAMP) values ('IN015',97.32,97.37,to_timestamp('28-AUG-25 08.00.00.000000000 PM','DD-MON-RR HH.MI.SSXFF AM'));
Insert into PRICES (INSTRUMENTID,BIDPRICE,ASKPRICE,TIMESTAMP) values ('IN016',300.01,300.16,to_timestamp('28-AUG-25 08.00.00.000000000 PM','DD-MON-RR HH.MI.SSXFF AM'));
Insert into PRICES (INSTRUMENTID,BIDPRICE,ASKPRICE,TIMESTAMP) values ('IN017',593.21,593.51,to_timestamp('28-AUG-25 08.00.00.000000000 PM','DD-MON-RR HH.MI.SSXFF AM'));
Insert into PRICES (INSTRUMENTID,BIDPRICE,ASKPRICE,TIMESTAMP) values ('IN018',177.01,177.1,to_timestamp('28-AUG-25 08.00.00.000000000 PM','DD-MON-RR HH.MI.SSXFF AM'));
Insert into PRICES (INSTRUMENTID,BIDPRICE,ASKPRICE,TIMESTAMP) values ('IN019',158.21,158.29,to_timestamp('28-AUG-25 08.00.00.000000000 PM','DD-MON-RR HH.MI.SSXFF AM'));
Insert into PRICES (INSTRUMENTID,BIDPRICE,ASKPRICE,TIMESTAMP) values ('IN020',408.11,408.31,to_timestamp('28-AUG-25 08.00.00.000000000 PM','DD-MON-RR HH.MI.SSXFF AM'));
Insert into PRICES (INSTRUMENTID,BIDPRICE,ASKPRICE,TIMESTAMP) values ('IN021',951.21,951.69,to_timestamp('28-AUG-25 08.00.00.000000000 PM','DD-MON-RR HH.MI.SSXFF AM'));
Insert into PRICES (INSTRUMENTID,BIDPRICE,ASKPRICE,TIMESTAMP) values ('IN022',84.32,84.36,to_timestamp('28-AUG-25 08.00.00.000000000 PM','DD-MON-RR HH.MI.SSXFF AM'));
Insert into PRICES (INSTRUMENTID,BIDPRICE,ASKPRICE,TIMESTAMP) values ('IN023',213.01,213.12,to_timestamp('28-AUG-25 08.00.00.000000000 PM','DD-MON-RR HH.MI.SSXFF AM'));
Insert into PRICES (INSTRUMENTID,BIDPRICE,ASKPRICE,TIMESTAMP) values ('IN024',160.55,160.63,to_timestamp('28-AUG-25 08.00.00.000000000 PM','DD-MON-RR HH.MI.SSXFF AM'));
Insert into PRICES (INSTRUMENTID,BIDPRICE,ASKPRICE,TIMESTAMP) values ('IN025',255.99,256.12,to_timestamp('28-AUG-25 08.00.00.000000000 PM','DD-MON-RR HH.MI.SSXFF AM'));
Insert into PRICES (INSTRUMENTID,BIDPRICE,ASKPRICE,TIMESTAMP) values ('IN026',51.34,51.37,to_timestamp('28-AUG-25 08.00.00.000000000 PM','DD-MON-RR HH.MI.SSXFF AM'));
Insert into PRICES (INSTRUMENTID,BIDPRICE,ASKPRICE,TIMESTAMP) values ('IN027',1211.32,1211.93,to_timestamp('28-AUG-25 08.00.00.000000000 PM','DD-MON-RR HH.MI.SSXFF AM'));
Insert into PRICES (INSTRUMENTID,BIDPRICE,ASKPRICE,TIMESTAMP) values ('IN028',169.99,170.07,to_timestamp('28-AUG-25 08.00.00.000000000 PM','DD-MON-RR HH.MI.SSXFF AM'));
Insert into PRICES (INSTRUMENTID,BIDPRICE,ASKPRICE,TIMESTAMP) values ('IN029',68.81,68.84,to_timestamp('28-AUG-25 08.00.00.000000000 PM','DD-MON-RR HH.MI.SSXFF AM'));
Insert into PRICES (INSTRUMENTID,BIDPRICE,ASKPRICE,TIMESTAMP) values ('IN030',148.88,148.95,to_timestamp('28-AUG-25 08.00.00.000000000 PM','DD-MON-RR HH.MI.SSXFF AM'));
Insert into PRICES (INSTRUMENTID,BIDPRICE,ASKPRICE,TIMESTAMP) values ('IN031',487.11,487.35,to_timestamp('28-AUG-25 08.00.00.000000000 PM','DD-MON-RR HH.MI.SSXFF AM'));
Insert into PRICES (INSTRUMENTID,BIDPRICE,ASKPRICE,TIMESTAMP) values ('IN032',81.55,81.59,to_timestamp('28-AUG-25 08.00.00.000000000 PM','DD-MON-RR HH.MI.SSXFF AM'));
Insert into PRICES (INSTRUMENTID,BIDPRICE,ASKPRICE,TIMESTAMP) values ('IN033',493.21,493.46,to_timestamp('28-AUG-25 08.00.00.000000000 PM','DD-MON-RR HH.MI.SSXFF AM'));
Insert into PRICES (INSTRUMENTID,BIDPRICE,ASKPRICE,TIMESTAMP) values ('IN034',314.01,314.17,to_timestamp('28-AUG-25 08.00.00.000000000 PM','DD-MON-RR HH.MI.SSXFF AM'));
Insert into PRICES (INSTRUMENTID,BIDPRICE,ASKPRICE,TIMESTAMP) values ('IN035',118.55,118.61,to_timestamp('28-AUG-25 08.00.00.000000000 PM','DD-MON-RR HH.MI.SSXFF AM'));
Insert into PRICES (INSTRUMENTID,BIDPRICE,ASKPRICE,TIMESTAMP) values ('IN036',132.43,132.5,to_timestamp('28-AUG-25 08.00.00.000000000 PM','DD-MON-RR HH.MI.SSXFF AM'));
Insert into PRICES (INSTRUMENTID,BIDPRICE,ASKPRICE,TIMESTAMP) values ('IN037',260.01,260.14,to_timestamp('28-AUG-25 08.00.00.000000000 PM','DD-MON-RR HH.MI.SSXFF AM'));
Insert into PRICES (INSTRUMENTID,BIDPRICE,ASKPRICE,TIMESTAMP) values ('IN038',69.43,69.46,to_timestamp('28-AUG-25 08.00.00.000000000 PM','DD-MON-RR HH.MI.SSXFF AM'));
Insert into PRICES (INSTRUMENTID,BIDPRICE,ASKPRICE,TIMESTAMP) values ('IN039',244.11,244.23,to_timestamp('28-AUG-25 08.00.00.000000000 PM','DD-MON-RR HH.MI.SSXFF AM'));
Insert into PRICES (INSTRUMENTID,BIDPRICE,ASKPRICE,TIMESTAMP) values ('IN040',46.01,46.03,to_timestamp('28-AUG-25 08.00.00.000000000 PM','DD-MON-RR HH.MI.SSXFF AM'));
Insert into PRICES (INSTRUMENTID,BIDPRICE,ASKPRICE,TIMESTAMP) values ('IN041',99.02,99.04,to_timestamp('28-AUG-25 08.00.00.000000000 PM','DD-MON-RR HH.MI.SSXFF AM'));
Insert into PRICES (INSTRUMENTID,BIDPRICE,ASKPRICE,TIMESTAMP) values ('IN042',99.99,100,to_timestamp('28-AUG-25 08.00.00.000000000 PM','DD-MON-RR HH.MI.SSXFF AM'));
Insert into PRICES (INSTRUMENTID,BIDPRICE,ASKPRICE,TIMESTAMP) values ('IN043',99.97,99.98,to_timestamp('28-AUG-25 08.00.00.000000000 PM','DD-MON-RR HH.MI.SSXFF AM'));
Insert into PRICES (INSTRUMENTID,BIDPRICE,ASKPRICE,TIMESTAMP) values ('IN044',99.71,99.72,to_timestamp('28-AUG-25 08.00.00.000000000 PM','DD-MON-RR HH.MI.SSXFF AM'));
Insert into PRICES (INSTRUMENTID,BIDPRICE,ASKPRICE,TIMESTAMP) values ('IN045',99.56,99.57,to_timestamp('28-AUG-25 08.00.00.000000000 PM','DD-MON-RR HH.MI.SSXFF AM'));
Insert into PRICES (INSTRUMENTID,BIDPRICE,ASKPRICE,TIMESTAMP) values ('IN046',99.98,99.99,to_timestamp('28-AUG-25 08.00.00.000000000 PM','DD-MON-RR HH.MI.SSXFF AM'));
Insert into PRICES (INSTRUMENTID,BIDPRICE,ASKPRICE,TIMESTAMP) values ('IN047',99.94,99.95,to_timestamp('28-AUG-25 08.00.00.000000000 PM','DD-MON-RR HH.MI.SSXFF AM'));
Insert into PRICES (INSTRUMENTID,BIDPRICE,ASKPRICE,TIMESTAMP) values ('IN048',96.41,96.42,to_timestamp('28-AUG-25 08.00.00.000000000 PM','DD-MON-RR HH.MI.SSXFF AM'));
Insert into PRICES (INSTRUMENTID,BIDPRICE,ASKPRICE,TIMESTAMP) values ('IN049',96.69,96.7,to_timestamp('28-AUG-25 08.00.00.000000000 PM','DD-MON-RR HH.MI.SSXFF AM'));
Insert into PRICES (INSTRUMENTID,BIDPRICE,ASKPRICE,TIMESTAMP) values ('IN050',96.98,96.99,to_timestamp('28-AUG-25 08.00.00.000000000 PM','DD-MON-RR HH.MI.SSXFF AM'));
Insert into PRICES (INSTRUMENTID,BIDPRICE,ASKPRICE,TIMESTAMP) values ('IN051',97.26,97.27,to_timestamp('28-AUG-25 08.00.00.000000000 PM','DD-MON-RR HH.MI.SSXFF AM'));
Insert into PRICES (INSTRUMENTID,BIDPRICE,ASKPRICE,TIMESTAMP) values ('IN052',97.53,97.54,to_timestamp('28-AUG-25 08.00.00.000000000 PM','DD-MON-RR HH.MI.SSXFF AM'));
Insert into PRICES (INSTRUMENTID,BIDPRICE,ASKPRICE,TIMESTAMP) values ('IN053',97.81,97.82,to_timestamp('28-AUG-25 08.00.00.000000000 PM','DD-MON-RR HH.MI.SSXFF AM'));
Insert into PRICES (INSTRUMENTID,BIDPRICE,ASKPRICE,TIMESTAMP) values ('IN054',98.03,98.04,to_timestamp('28-AUG-25 08.00.00.000000000 PM','DD-MON-RR HH.MI.SSXFF AM'));
Insert into PRICES (INSTRUMENTID,BIDPRICE,ASKPRICE,TIMESTAMP) values ('IN055',98.06,98.07,to_timestamp('28-AUG-25 08.00.00.000000000 PM','DD-MON-RR HH.MI.SSXFF AM'));
Insert into PRICES (INSTRUMENTID,BIDPRICE,ASKPRICE,TIMESTAMP) values ('IN056',98.29,98.3,to_timestamp('28-AUG-25 08.00.00.000000000 PM','DD-MON-RR HH.MI.SSXFF AM'));
Insert into PRICES (INSTRUMENTID,BIDPRICE,ASKPRICE,TIMESTAMP) values ('IN057',98.51,98.52,to_timestamp('28-AUG-25 08.00.00.000000000 PM','DD-MON-RR HH.MI.SSXFF AM'));
Insert into PRICES (INSTRUMENTID,BIDPRICE,ASKPRICE,TIMESTAMP) values ('IN058',98.68,98.69,to_timestamp('28-AUG-25 08.00.00.000000000 PM','DD-MON-RR HH.MI.SSXFF AM'));
Insert into PRICES (INSTRUMENTID,BIDPRICE,ASKPRICE,TIMESTAMP) values ('IN059',98.72,98.73,to_timestamp('28-AUG-25 08.00.00.000000000 PM','DD-MON-RR HH.MI.SSXFF AM'));
Insert into PRICES (INSTRUMENTID,BIDPRICE,ASKPRICE,TIMESTAMP) values ('IN060',98.96,98.97,to_timestamp('28-AUG-25 08.00.00.000000000 PM','DD-MON-RR HH.MI.SSXFF AM'));
Insert into PRICES (INSTRUMENTID,BIDPRICE,ASKPRICE,TIMESTAMP) values ('IN061',99.09,99.1,to_timestamp('28-AUG-25 08.00.00.000000000 PM','DD-MON-RR HH.MI.SSXFF AM'));
Insert into PRICES (INSTRUMENTID,BIDPRICE,ASKPRICE,TIMESTAMP) values ('IN062',99.25,99.26,to_timestamp('28-AUG-25 08.00.00.000000000 PM','DD-MON-RR HH.MI.SSXFF AM'));
Insert into PRICES (INSTRUMENTID,BIDPRICE,ASKPRICE,TIMESTAMP) values ('IN063',99.37,99.38,to_timestamp('28-AUG-25 08.00.00.000000000 PM','DD-MON-RR HH.MI.SSXFF AM'));
Insert into PRICES (INSTRUMENTID,BIDPRICE,ASKPRICE,TIMESTAMP) values ('IN064',99.52,99.53,to_timestamp('28-AUG-25 08.00.00.000000000 PM','DD-MON-RR HH.MI.SSXFF AM'));
Insert into PRICES (INSTRUMENTID,BIDPRICE,ASKPRICE,TIMESTAMP) values ('IN065',99.68,99.69,to_timestamp('28-AUG-25 08.00.00.000000000 PM','DD-MON-RR HH.MI.SSXFF AM'));
Insert into PRICES (INSTRUMENTID,BIDPRICE,ASKPRICE,TIMESTAMP) values ('IN066',99.64,99.65,to_timestamp('28-AUG-25 08.00.00.000000000 PM','DD-MON-RR HH.MI.SSXFF AM'));
Insert into PRICES (INSTRUMENTID,BIDPRICE,ASKPRICE,TIMESTAMP) values ('IN067',99.81,99.82,to_timestamp('28-AUG-25 08.00.00.000000000 PM','DD-MON-RR HH.MI.SSXFF AM'));
Insert into PRICES (INSTRUMENTID,BIDPRICE,ASKPRICE,TIMESTAMP) values ('IN068',99.92,99.93,to_timestamp('28-AUG-25 08.00.00.000000000 PM','DD-MON-RR HH.MI.SSXFF AM'));
Insert into PRICES (INSTRUMENTID,BIDPRICE,ASKPRICE,TIMESTAMP) values ('IN069',99.98,99.99,to_timestamp('28-AUG-25 08.00.00.000000000 PM','DD-MON-RR HH.MI.SSXFF AM'));
Insert into PRICES (INSTRUMENTID,BIDPRICE,ASKPRICE,TIMESTAMP) values ('IN070',99.97,99.98,to_timestamp('28-AUG-25 08.00.00.000000000 PM','DD-MON-RR HH.MI.SSXFF AM'));
Insert into PRICES (INSTRUMENTID,BIDPRICE,ASKPRICE,TIMESTAMP) values ('IN071',100,100.01,to_timestamp('28-AUG-25 08.00.00.000000000 PM','DD-MON-RR HH.MI.SSXFF AM'));
Insert into PRICES (INSTRUMENTID,BIDPRICE,ASKPRICE,TIMESTAMP) values ('IN072',100.02,100.03,to_timestamp('28-AUG-25 08.00.00.000000000 PM','DD-MON-RR HH.MI.SSXFF AM'));
Insert into PRICES (INSTRUMENTID,BIDPRICE,ASKPRICE,TIMESTAMP) values ('IN073',100.03,100.04,to_timestamp('28-AUG-25 08.00.00.000000000 PM','DD-MON-RR HH.MI.SSXFF AM'));
Insert into PRICES (INSTRUMENTID,BIDPRICE,ASKPRICE,TIMESTAMP) values ('IN074',99.26,99.27,to_timestamp('28-AUG-25 08.00.00.000000000 PM','DD-MON-RR HH.MI.SSXFF AM'));
Insert into PRICES (INSTRUMENTID,BIDPRICE,ASKPRICE,TIMESTAMP) values ('IN075',100.04,100.05,to_timestamp('28-AUG-25 08.00.00.000000000 PM','DD-MON-RR HH.MI.SSXFF AM'));
Insert into PRICES (INSTRUMENTID,BIDPRICE,ASKPRICE,TIMESTAMP) values ('IN076',100,100,to_timestamp('28-AUG-25 08.00.00.000000000 PM','DD-MON-RR HH.MI.SSXFF AM'));
Insert into PRICES (INSTRUMENTID,BIDPRICE,ASKPRICE,TIMESTAMP) values ('IN077',100,100,to_timestamp('28-AUG-25 08.00.00.000000000 PM','DD-MON-RR HH.MI.SSXFF AM'));
Insert into PRICES (INSTRUMENTID,BIDPRICE,ASKPRICE,TIMESTAMP) values ('IN078',100,100,to_timestamp('28-AUG-25 08.00.00.000000000 PM','DD-MON-RR HH.MI.SSXFF AM'));
Insert into PRICES (INSTRUMENTID,BIDPRICE,ASKPRICE,TIMESTAMP) values ('IN079',100,100,to_timestamp('28-AUG-25 08.00.00.000000000 PM','DD-MON-RR HH.MI.SSXFF AM'));
Insert into PRICES (INSTRUMENTID,BIDPRICE,ASKPRICE,TIMESTAMP) values ('IN080',100,100,to_timestamp('28-AUG-25 08.00.00.000000000 PM','DD-MON-RR HH.MI.SSXFF AM'));
Insert into PRICES (INSTRUMENTID,BIDPRICE,ASKPRICE,TIMESTAMP) values ('IN081',100,100,to_timestamp('28-AUG-25 08.00.00.000000000 PM','DD-MON-RR HH.MI.SSXFF AM'));
Insert into PRICES (INSTRUMENTID,BIDPRICE,ASKPRICE,TIMESTAMP) values ('IN082',100,100,to_timestamp('28-AUG-25 08.00.00.000000000 PM','DD-MON-RR HH.MI.SSXFF AM'));
Insert into PRICES (INSTRUMENTID,BIDPRICE,ASKPRICE,TIMESTAMP) values ('IN083',100,100,to_timestamp('28-AUG-25 08.00.00.000000000 PM','DD-MON-RR HH.MI.SSXFF AM'));
Insert into PRICES (INSTRUMENTID,BIDPRICE,ASKPRICE,TIMESTAMP) values ('IN084',100,100,to_timestamp('28-AUG-25 08.00.00.000000000 PM','DD-MON-RR HH.MI.SSXFF AM'));
Insert into PRICES (INSTRUMENTID,BIDPRICE,ASKPRICE,TIMESTAMP) values ('IN085',100,100,to_timestamp('28-AUG-25 08.00.00.000000000 PM','DD-MON-RR HH.MI.SSXFF AM'));
Insert into PRICES (INSTRUMENTID,BIDPRICE,ASKPRICE,TIMESTAMP) values ('IN086',100,100,to_timestamp('28-AUG-25 08.00.00.000000000 PM','DD-MON-RR HH.MI.SSXFF AM'));
Insert into PRICES (INSTRUMENTID,BIDPRICE,ASKPRICE,TIMESTAMP) values ('IN087',100,100,to_timestamp('28-AUG-25 08.00.00.000000000 PM','DD-MON-RR HH.MI.SSXFF AM'));
Insert into PRICES (INSTRUMENTID,BIDPRICE,ASKPRICE,TIMESTAMP) values ('IN088',100,100,to_timestamp('28-AUG-25 08.00.00.000000000 PM','DD-MON-RR HH.MI.SSXFF AM'));
Insert into PRICES (INSTRUMENTID,BIDPRICE,ASKPRICE,TIMESTAMP) values ('IN089',100,100,to_timestamp('28-AUG-25 08.00.00.000000000 PM','DD-MON-RR HH.MI.SSXFF AM'));
Insert into PRICES (INSTRUMENTID,BIDPRICE,ASKPRICE,TIMESTAMP) values ('IN090',100,100,to_timestamp('28-AUG-25 08.00.00.000000000 PM','DD-MON-RR HH.MI.SSXFF AM'));
Insert into PRICES (INSTRUMENTID,BIDPRICE,ASKPRICE,TIMESTAMP) values ('IN091',100,100,to_timestamp('28-AUG-25 08.00.00.000000000 PM','DD-MON-RR HH.MI.SSXFF AM'));
Insert into PRICES (INSTRUMENTID,BIDPRICE,ASKPRICE,TIMESTAMP) values ('IN092',100,100,to_timestamp('28-AUG-25 08.00.00.000000000 PM','DD-MON-RR HH.MI.SSXFF AM'));
Insert into PRICES (INSTRUMENTID,BIDPRICE,ASKPRICE,TIMESTAMP) values ('IN093',100,100,to_timestamp('28-AUG-25 08.00.00.000000000 PM','DD-MON-RR HH.MI.SSXFF AM'));
Insert into PRICES (INSTRUMENTID,BIDPRICE,ASKPRICE,TIMESTAMP) values ('IN094',100,100,to_timestamp('28-AUG-25 08.00.00.000000000 PM','DD-MON-RR HH.MI.SSXFF AM'));
Insert into PRICES (INSTRUMENTID,BIDPRICE,ASKPRICE,TIMESTAMP) values ('IN095',100,100,to_timestamp('28-AUG-25 08.00.00.000000000 PM','DD-MON-RR HH.MI.SSXFF AM'));
Insert into PRICES (INSTRUMENTID,BIDPRICE,ASKPRICE,TIMESTAMP) values ('IN096',100,100,to_timestamp('28-AUG-25 08.00.00.000000000 PM','DD-MON-RR HH.MI.SSXFF AM'));
Insert into PRICES (INSTRUMENTID,BIDPRICE,ASKPRICE,TIMESTAMP) values ('IN097',100,100,to_timestamp('28-AUG-25 08.00.00.000000000 PM','DD-MON-RR HH.MI.SSXFF AM'));
Insert into PRICES (INSTRUMENTID,BIDPRICE,ASKPRICE,TIMESTAMP) values ('IN098',100,100,to_timestamp('28-AUG-25 08.00.00.000000000 PM','DD-MON-RR HH.MI.SSXFF AM'));
Insert into PRICES (INSTRUMENTID,BIDPRICE,ASKPRICE,TIMESTAMP) values ('IN099',100,100,to_timestamp('28-AUG-25 08.00.00.000000000 PM','DD-MON-RR HH.MI.SSXFF AM'));
Insert into PRICES (INSTRUMENTID,BIDPRICE,ASKPRICE,TIMESTAMP) values ('IN100',100,100,to_timestamp('28-AUG-25 08.00.00.000000000 PM','DD-MON-RR HH.MI.SSXFF AM'));
Insert into PRICES (INSTRUMENTID,BIDPRICE,ASKPRICE,TIMESTAMP) values ('IN001',507.88,508.13,to_timestamp('29-AUG-25 08.00.00.000000000 PM','DD-MON-RR HH.MI.SSXFF AM'));
Insert into PRICES (INSTRUMENTID,BIDPRICE,ASKPRICE,TIMESTAMP) values ('IN002',235.11,235.23,to_timestamp('29-AUG-25 08.00.00.000000000 PM','DD-MON-RR HH.MI.SSXFF AM'));
Insert into PRICES (INSTRUMENTID,BIDPRICE,ASKPRICE,TIMESTAMP) values ('IN003',178.01,178.1,to_timestamp('29-AUG-25 08.00.00.000000000 PM','DD-MON-RR HH.MI.SSXFF AM'));
Insert into PRICES (INSTRUMENTID,BIDPRICE,ASKPRICE,TIMESTAMP) values ('IN004',232.43,232.55,to_timestamp('29-AUG-25 08.00.00.000000000 PM','DD-MON-RR HH.MI.SSXFF AM'));
Insert into PRICES (INSTRUMENTID,BIDPRICE,ASKPRICE,TIMESTAMP) values ('IN005',214.99,215.1,to_timestamp('29-AUG-25 08.00.00.000000000 PM','DD-MON-RR HH.MI.SSXFF AM'));
Insert into PRICES (INSTRUMENTID,BIDPRICE,ASKPRICE,TIMESTAMP) values ('IN006',744.01,744.38,to_timestamp('29-AUG-25 08.00.00.000000000 PM','DD-MON-RR HH.MI.SSXFF AM'));
Insert into PRICES (INSTRUMENTID,BIDPRICE,ASKPRICE,TIMESTAMP) values ('IN007',219.21,219.32,to_timestamp('29-AUG-25 08.00.00.000000000 PM','DD-MON-RR HH.MI.SSXFF AM'));
Insert into PRICES (INSTRUMENTID,BIDPRICE,ASKPRICE,TIMESTAMP) values ('IN008',501.99,502.24,to_timestamp('29-AUG-25 08.00.00.000000000 PM','DD-MON-RR HH.MI.SSXFF AM'));
Insert into PRICES (INSTRUMENTID,BIDPRICE,ASKPRICE,TIMESTAMP) values ('IN009',734.01,734.38,to_timestamp('29-AUG-25 08.00.00.000000000 PM','DD-MON-RR HH.MI.SSXFF AM'));
Insert into PRICES (INSTRUMENTID,BIDPRICE,ASKPRICE,TIMESTAMP) values ('IN010',307.54,307.69,to_timestamp('29-AUG-25 08.00.00.000000000 PM','DD-MON-RR HH.MI.SSXFF AM'));
Insert into PRICES (INSTRUMENTID,BIDPRICE,ASKPRICE,TIMESTAMP) values ('IN011',340.11,340.28,to_timestamp('29-AUG-25 08.00.00.000000000 PM','DD-MON-RR HH.MI.SSXFF AM'));
Insert into PRICES (INSTRUMENTID,BIDPRICE,ASKPRICE,TIMESTAMP) values ('IN012',304.11,304.26,to_timestamp('29-AUG-25 08.00.00.000000000 PM','DD-MON-RR HH.MI.SSXFF AM'));
Insert into PRICES (INSTRUMENTID,BIDPRICE,ASKPRICE,TIMESTAMP) values ('IN013',356.21,356.39,to_timestamp('29-AUG-25 08.00.00.000000000 PM','DD-MON-RR HH.MI.SSXFF AM'));
Insert into PRICES (INSTRUMENTID,BIDPRICE,ASKPRICE,TIMESTAMP) values ('IN014',113.88,113.94,to_timestamp('29-AUG-25 08.00.00.000000000 PM','DD-MON-RR HH.MI.SSXFF AM'));
Insert into PRICES (INSTRUMENTID,BIDPRICE,ASKPRICE,TIMESTAMP) values ('IN015',97.81,97.86,to_timestamp('29-AUG-25 08.00.00.000000000 PM','DD-MON-RR HH.MI.SSXFF AM'));
Insert into PRICES (INSTRUMENTID,BIDPRICE,ASKPRICE,TIMESTAMP) values ('IN016',301.54,301.69,to_timestamp('29-AUG-25 08.00.00.000000000 PM','DD-MON-RR HH.MI.SSXFF AM'));
Insert into PRICES (INSTRUMENTID,BIDPRICE,ASKPRICE,TIMESTAMP) values ('IN017',595.99,596.29,to_timestamp('29-AUG-25 08.00.00.000000000 PM','DD-MON-RR HH.MI.SSXFF AM'));
Insert into PRICES (INSTRUMENTID,BIDPRICE,ASKPRICE,TIMESTAMP) values ('IN018',177.54,177.63,to_timestamp('29-AUG-25 08.00.00.000000000 PM','DD-MON-RR HH.MI.SSXFF AM'));
Insert into PRICES (INSTRUMENTID,BIDPRICE,ASKPRICE,TIMESTAMP) values ('IN019',157.99,158.07,to_timestamp('29-AUG-25 08.00.00.000000000 PM','DD-MON-RR HH.MI.SSXFF AM'));
Insert into PRICES (INSTRUMENTID,BIDPRICE,ASKPRICE,TIMESTAMP) values ('IN020',406.01,406.21,to_timestamp('29-AUG-25 08.00.00.000000000 PM','DD-MON-RR HH.MI.SSXFF AM'));
Insert into PRICES (INSTRUMENTID,BIDPRICE,ASKPRICE,TIMESTAMP) values ('IN021',955.32,955.8,to_timestamp('29-AUG-25 08.00.00.000000000 PM','DD-MON-RR HH.MI.SSXFF AM'));
Insert into PRICES (INSTRUMENTID,BIDPRICE,ASKPRICE,TIMESTAMP) values ('IN022',84.55,84.59,to_timestamp('29-AUG-25 08.00.00.000000000 PM','DD-MON-RR HH.MI.SSXFF AM'));
Insert into PRICES (INSTRUMENTID,BIDPRICE,ASKPRICE,TIMESTAMP) values ('IN023',214.11,214.22,to_timestamp('29-AUG-25 08.00.00.000000000 PM','DD-MON-RR HH.MI.SSXFF AM'));
Insert into PRICES (INSTRUMENTID,BIDPRICE,ASKPRICE,TIMESTAMP) values ('IN024',161.32,161.4,to_timestamp('29-AUG-25 08.00.00.000000000 PM','DD-MON-RR HH.MI.SSXFF AM'));
Insert into PRICES (INSTRUMENTID,BIDPRICE,ASKPRICE,TIMESTAMP) values ('IN025',257.11,257.24,to_timestamp('29-AUG-25 08.00.00.000000000 PM','DD-MON-RR HH.MI.SSXFF AM'));
Insert into PRICES (INSTRUMENTID,BIDPRICE,ASKPRICE,TIMESTAMP) values ('IN026',51.65,51.68,to_timestamp('29-AUG-25 08.00.00.000000000 PM','DD-MON-RR HH.MI.SSXFF AM'));
Insert into PRICES (INSTRUMENTID,BIDPRICE,ASKPRICE,TIMESTAMP) values ('IN027',1208.21,1208.81,to_timestamp('29-AUG-25 08.00.00.000000000 PM','DD-MON-RR HH.MI.SSXFF AM'));
Insert into PRICES (INSTRUMENTID,BIDPRICE,ASKPRICE,TIMESTAMP) values ('IN028',171.21,171.29,to_timestamp('29-AUG-25 08.00.00.000000000 PM','DD-MON-RR HH.MI.SSXFF AM'));
Insert into PRICES (INSTRUMENTID,BIDPRICE,ASKPRICE,TIMESTAMP) values ('IN029',69.01,69.04,to_timestamp('29-AUG-25 08.00.00.000000000 PM','DD-MON-RR HH.MI.SSXFF AM'));
Insert into PRICES (INSTRUMENTID,BIDPRICE,ASKPRICE,TIMESTAMP) values ('IN030',149.32,149.39,to_timestamp('29-AUG-25 08.00.00.000000000 PM','DD-MON-RR HH.MI.SSXFF AM'));
Insert into PRICES (INSTRUMENTID,BIDPRICE,ASKPRICE,TIMESTAMP) values ('IN031',489.01,489.25,to_timestamp('29-AUG-25 08.00.00.000000000 PM','DD-MON-RR HH.MI.SSXFF AM'));
Insert into PRICES (INSTRUMENTID,BIDPRICE,ASKPRICE,TIMESTAMP) values ('IN032',81.88,81.92,to_timestamp('29-AUG-25 08.00.00.000000000 PM','DD-MON-RR HH.MI.SSXFF AM'));
Insert into PRICES (INSTRUMENTID,BIDPRICE,ASKPRICE,TIMESTAMP) values ('IN033',495.11,495.36,to_timestamp('29-AUG-25 08.00.00.000000000 PM','DD-MON-RR HH.MI.SSXFF AM'));
Insert into PRICES (INSTRUMENTID,BIDPRICE,ASKPRICE,TIMESTAMP) values ('IN034',312.99,313.15,to_timestamp('29-AUG-25 08.00.00.000000000 PM','DD-MON-RR HH.MI.SSXFF AM'));
Insert into PRICES (INSTRUMENTID,BIDPRICE,ASKPRICE,TIMESTAMP) values ('IN035',119.01,119.07,to_timestamp('29-AUG-25 08.00.00.000000000 PM','DD-MON-RR HH.MI.SSXFF AM'));
Insert into PRICES (INSTRUMENTID,BIDPRICE,ASKPRICE,TIMESTAMP) values ('IN036',133.01,133.08,to_timestamp('29-AUG-25 08.00.00.000000000 PM','DD-MON-RR HH.MI.SSXFF AM'));
Insert into PRICES (INSTRUMENTID,BIDPRICE,ASKPRICE,TIMESTAMP) values ('IN037',261.54,261.67,to_timestamp('29-AUG-25 08.00.00.000000000 PM','DD-MON-RR HH.MI.SSXFF AM'));
Insert into PRICES (INSTRUMENTID,BIDPRICE,ASKPRICE,TIMESTAMP) values ('IN038',69.65,69.68,to_timestamp('29-AUG-25 08.00.00.000000000 PM','DD-MON-RR HH.MI.SSXFF AM'));
Insert into PRICES (INSTRUMENTID,BIDPRICE,ASKPRICE,TIMESTAMP) values ('IN039',245.11,245.23,to_timestamp('29-AUG-25 08.00.00.000000000 PM','DD-MON-RR HH.MI.SSXFF AM'));
Insert into PRICES (INSTRUMENTID,BIDPRICE,ASKPRICE,TIMESTAMP) values ('IN040',46.21,46.23,to_timestamp('29-AUG-25 08.00.00.000000000 PM','DD-MON-RR HH.MI.SSXFF AM'));
Insert into PRICES (INSTRUMENTID,BIDPRICE,ASKPRICE,TIMESTAMP) values ('IN041',99.03,99.05,to_timestamp('29-AUG-25 08.00.00.000000000 PM','DD-MON-RR HH.MI.SSXFF AM'));
Insert into PRICES (INSTRUMENTID,BIDPRICE,ASKPRICE,TIMESTAMP) values ('IN042',100,100.01,to_timestamp('29-AUG-25 08.00.00.000000000 PM','DD-MON-RR HH.MI.SSXFF AM'));
Insert into PRICES (INSTRUMENTID,BIDPRICE,ASKPRICE,TIMESTAMP) values ('IN043',99.98,99.99,to_timestamp('29-AUG-25 08.00.00.000000000 PM','DD-MON-RR HH.MI.SSXFF AM'));
Insert into PRICES (INSTRUMENTID,BIDPRICE,ASKPRICE,TIMESTAMP) values ('IN044',99.72,99.73,to_timestamp('29-AUG-25 08.00.00.000000000 PM','DD-MON-RR HH.MI.SSXFF AM'));
Insert into PRICES (INSTRUMENTID,BIDPRICE,ASKPRICE,TIMESTAMP) values ('IN045',99.57,99.58,to_timestamp('29-AUG-25 08.00.00.000000000 PM','DD-MON-RR HH.MI.SSXFF AM'));
Insert into PRICES (INSTRUMENTID,BIDPRICE,ASKPRICE,TIMESTAMP) values ('IN046',99.99,100,to_timestamp('29-AUG-25 08.00.00.000000000 PM','DD-MON-RR HH.MI.SSXFF AM'));
Insert into PRICES (INSTRUMENTID,BIDPRICE,ASKPRICE,TIMESTAMP) values ('IN047',99.95,99.96,to_timestamp('29-AUG-25 08.00.00.000000000 PM','DD-MON-RR HH.MI.SSXFF AM'));
Insert into PRICES (INSTRUMENTID,BIDPRICE,ASKPRICE,TIMESTAMP) values ('IN048',96.42,96.43,to_timestamp('29-AUG-25 08.00.00.000000000 PM','DD-MON-RR HH.MI.SSXFF AM'));
Insert into PRICES (INSTRUMENTID,BIDPRICE,ASKPRICE,TIMESTAMP) values ('IN049',96.7,96.71,to_timestamp('29-AUG-25 08.00.00.000000000 PM','DD-MON-RR HH.MI.SSXFF AM'));
Insert into PRICES (INSTRUMENTID,BIDPRICE,ASKPRICE,TIMESTAMP) values ('IN050',96.99,97,to_timestamp('29-AUG-25 08.00.00.000000000 PM','DD-MON-RR HH.MI.SSXFF AM'));
Insert into PRICES (INSTRUMENTID,BIDPRICE,ASKPRICE,TIMESTAMP) values ('IN051',97.27,97.28,to_timestamp('29-AUG-25 08.00.00.000000000 PM','DD-MON-RR HH.MI.SSXFF AM'));
Insert into PRICES (INSTRUMENTID,BIDPRICE,ASKPRICE,TIMESTAMP) values ('IN052',97.54,97.55,to_timestamp('29-AUG-25 08.00.00.000000000 PM','DD-MON-RR HH.MI.SSXFF AM'));
Insert into PRICES (INSTRUMENTID,BIDPRICE,ASKPRICE,TIMESTAMP) values ('IN053',97.82,97.83,to_timestamp('29-AUG-25 08.00.00.000000000 PM','DD-MON-RR HH.MI.SSXFF AM'));
Insert into PRICES (INSTRUMENTID,BIDPRICE,ASKPRICE,TIMESTAMP) values ('IN054',98.04,98.05,to_timestamp('29-AUG-25 08.00.00.000000000 PM','DD-MON-RR HH.MI.SSXFF AM'));
Insert into PRICES (INSTRUMENTID,BIDPRICE,ASKPRICE,TIMESTAMP) values ('IN055',98.07,98.08,to_timestamp('29-AUG-25 08.00.00.000000000 PM','DD-MON-RR HH.MI.SSXFF AM'));
Insert into PRICES (INSTRUMENTID,BIDPRICE,ASKPRICE,TIMESTAMP) values ('IN056',98.3,98.31,to_timestamp('29-AUG-25 08.00.00.000000000 PM','DD-MON-RR HH.MI.SSXFF AM'));
Insert into PRICES (INSTRUMENTID,BIDPRICE,ASKPRICE,TIMESTAMP) values ('IN057',98.52,98.53,to_timestamp('29-AUG-25 08.00.00.000000000 PM','DD-MON-RR HH.MI.SSXFF AM'));
Insert into PRICES (INSTRUMENTID,BIDPRICE,ASKPRICE,TIMESTAMP) values ('IN058',98.69,98.7,to_timestamp('29-AUG-25 08.00.00.000000000 PM','DD-MON-RR HH.MI.SSXFF AM'));
Insert into PRICES (INSTRUMENTID,BIDPRICE,ASKPRICE,TIMESTAMP) values ('IN059',98.73,98.74,to_timestamp('29-AUG-25 08.00.00.000000000 PM','DD-MON-RR HH.MI.SSXFF AM'));
Insert into PRICES (INSTRUMENTID,BIDPRICE,ASKPRICE,TIMESTAMP) values ('IN060',98.97,98.98,to_timestamp('29-AUG-25 08.00.00.000000000 PM','DD-MON-RR HH.MI.SSXFF AM'));
Insert into PRICES (INSTRUMENTID,BIDPRICE,ASKPRICE,TIMESTAMP) values ('IN061',99.1,99.11,to_timestamp('29-AUG-25 08.00.00.000000000 PM','DD-MON-RR HH.MI.SSXFF AM'));
Insert into PRICES (INSTRUMENTID,BIDPRICE,ASKPRICE,TIMESTAMP) values ('IN062',99.26,99.27,to_timestamp('29-AUG-25 08.00.00.000000000 PM','DD-MON-RR HH.MI.SSXFF AM'));
Insert into PRICES (INSTRUMENTID,BIDPRICE,ASKPRICE,TIMESTAMP) values ('IN063',99.38,99.39,to_timestamp('29-AUG-25 08.00.00.000000000 PM','DD-MON-RR HH.MI.SSXFF AM'));
Insert into PRICES (INSTRUMENTID,BIDPRICE,ASKPRICE,TIMESTAMP) values ('IN064',99.53,99.54,to_timestamp('29-AUG-25 08.00.00.000000000 PM','DD-MON-RR HH.MI.SSXFF AM'));
Insert into PRICES (INSTRUMENTID,BIDPRICE,ASKPRICE,TIMESTAMP) values ('IN065',99.69,99.7,to_timestamp('29-AUG-25 08.00.00.000000000 PM','DD-MON-RR HH.MI.SSXFF AM'));
Insert into PRICES (INSTRUMENTID,BIDPRICE,ASKPRICE,TIMESTAMP) values ('IN066',99.65,99.66,to_timestamp('29-AUG-25 08.00.00.000000000 PM','DD-MON-RR HH.MI.SSXFF AM'));
Insert into PRICES (INSTRUMENTID,BIDPRICE,ASKPRICE,TIMESTAMP) values ('IN067',99.82,99.83,to_timestamp('29-AUG-25 08.00.00.000000000 PM','DD-MON-RR HH.MI.SSXFF AM'));
Insert into PRICES (INSTRUMENTID,BIDPRICE,ASKPRICE,TIMESTAMP) values ('IN068',99.93,99.94,to_timestamp('29-AUG-25 08.00.00.000000000 PM','DD-MON-RR HH.MI.SSXFF AM'));
Insert into PRICES (INSTRUMENTID,BIDPRICE,ASKPRICE,TIMESTAMP) values ('IN069',99.99,100,to_timestamp('29-AUG-25 08.00.00.000000000 PM','DD-MON-RR HH.MI.SSXFF AM'));
Insert into PRICES (INSTRUMENTID,BIDPRICE,ASKPRICE,TIMESTAMP) values ('IN070',99.98,99.99,to_timestamp('29-AUG-25 08.00.00.000000000 PM','DD-MON-RR HH.MI.SSXFF AM'));
Insert into PRICES (INSTRUMENTID,BIDPRICE,ASKPRICE,TIMESTAMP) values ('IN071',100.01,100.02,to_timestamp('29-AUG-25 08.00.00.000000000 PM','DD-MON-RR HH.MI.SSXFF AM'));
Insert into PRICES (INSTRUMENTID,BIDPRICE,ASKPRICE,TIMESTAMP) values ('IN002',236.5,236.62,to_timestamp('30-AUG-25 08.00.00.000000000 PM','DD-MON-RR HH.MI.SSXFF AM'));
Insert into PRICES (INSTRUMENTID,BIDPRICE,ASKPRICE,TIMESTAMP) values ('IN003',675.2,675.29,to_timestamp('30-AUG-25 08.00.00.000000000 PM','DD-MON-RR HH.MI.SSXFF AM'));
Insert into PRICES (INSTRUMENTID,BIDPRICE,ASKPRICE,TIMESTAMP) values ('IN004',228.75,228.86,to_timestamp('30-AUG-25 08.00.00.000000000 PM','DD-MON-RR HH.MI.SSXFF AM'));
Insert into PRICES (INSTRUMENTID,BIDPRICE,ASKPRICE,TIMESTAMP) values ('IN005',262.4,262.56,to_timestamp('30-AUG-25 08.00.00.000000000 PM','DD-MON-RR HH.MI.SSXFF AM'));
Insert into PRICES (INSTRUMENTID,BIDPRICE,ASKPRICE,TIMESTAMP) values ('IN006',745.6,745.97,to_timestamp('30-AUG-25 08.00.00.000000000 PM','DD-MON-RR HH.MI.SSXFF AM'));
Insert into PRICES (INSTRUMENTID,BIDPRICE,ASKPRICE,TIMESTAMP) values ('IN007',263.6,263.26,to_timestamp('30-AUG-25 08.00.00.000000000 PM','DD-MON-RR HH.MI.SSXFF AM'));
Insert into PRICES (INSTRUMENTID,BIDPRICE,ASKPRICE,TIMESTAMP) values ('IN008',506.8,502.05,to_timestamp('30-AUG-25 08.00.00.000000000 PM','DD-MON-RR HH.MI.SSXFF AM'));
Insert into PRICES (INSTRUMENTID,BIDPRICE,ASKPRICE,TIMESTAMP) values ('IN009',730.25,730.62,to_timestamp('30-AUG-25 08.00.00.000000000 PM','DD-MON-RR HH.MI.SSXFF AM'));
Insert into PRICES (INSTRUMENTID,BIDPRICE,ASKPRICE,TIMESTAMP) values ('IN060',305.5,305.65,to_timestamp('30-AUG-25 08.00.00.000000000 PM','DD-MON-RR HH.MI.SSXFF AM'));
Insert into PRICES (INSTRUMENTID,BIDPRICE,ASKPRICE,TIMESTAMP) values ('IN066',340.6,340.27,to_timestamp('30-AUG-25 08.00.00.000000000 PM','DD-MON-RR HH.MI.SSXFF AM'));
Insert into PRICES (INSTRUMENTID,BIDPRICE,ASKPRICE,TIMESTAMP) values ('IN062',300.9,306.05,to_timestamp('30-AUG-25 08.00.00.000000000 PM','DD-MON-RR HH.MI.SSXFF AM'));
Insert into PRICES (INSTRUMENTID,BIDPRICE,ASKPRICE,TIMESTAMP) values ('IN063',350.2,350.38,to_timestamp('30-AUG-25 08.00.00.000000000 PM','DD-MON-RR HH.MI.SSXFF AM'));
Insert into PRICES (INSTRUMENTID,BIDPRICE,ASKPRICE,TIMESTAMP) values ('IN064',663.8,663.86,to_timestamp('30-AUG-25 08.00.00.000000000 PM','DD-MON-RR HH.MI.SSXFF AM'));
Insert into PRICES (INSTRUMENTID,BIDPRICE,ASKPRICE,TIMESTAMP) values ('IN065',96.5,96.55,to_timestamp('30-AUG-25 08.00.00.000000000 PM','DD-MON-RR HH.MI.SSXFF AM'));
Insert into PRICES (INSTRUMENTID,BIDPRICE,ASKPRICE,TIMESTAMP) values ('IN067',592.6,592.4,to_timestamp('30-AUG-25 08.00.00.000000000 PM','DD-MON-RR HH.MI.SSXFF AM'));
Insert into PRICES (INSTRUMENTID,BIDPRICE,ASKPRICE,TIMESTAMP) values ('IN068',676.8,676.89,to_timestamp('30-AUG-25 08.00.00.000000000 PM','DD-MON-RR HH.MI.SSXFF AM'));
Insert into PRICES (INSTRUMENTID,BIDPRICE,ASKPRICE,TIMESTAMP) values ('IN069',656.4,656.48,to_timestamp('30-AUG-25 08.00.00.000000000 PM','DD-MON-RR HH.MI.SSXFF AM'));
Insert into PRICES (INSTRUMENTID,BIDPRICE,ASKPRICE,TIMESTAMP) values ('IN020',405.9,406.6,to_timestamp('30-AUG-25 08.00.00.000000000 PM','DD-MON-RR HH.MI.SSXFF AM'));
Insert into PRICES (INSTRUMENTID,BIDPRICE,ASKPRICE,TIMESTAMP) values ('IN026',945.2,945.67,to_timestamp('30-AUG-25 08.00.00.000000000 PM','DD-MON-RR HH.MI.SSXFF AM'));
Insert into PRICES (INSTRUMENTID,BIDPRICE,ASKPRICE,TIMESTAMP) values ('IN022',83.7,83.74,to_timestamp('30-AUG-25 08.00.00.000000000 PM','DD-MON-RR HH.MI.SSXFF AM'));
Insert into PRICES (INSTRUMENTID,BIDPRICE,ASKPRICE,TIMESTAMP) values ('IN023',209.5,209.6,to_timestamp('30-AUG-25 08.00.00.000000000 PM','DD-MON-RR HH.MI.SSXFF AM'));
Insert into PRICES (INSTRUMENTID,BIDPRICE,ASKPRICE,TIMESTAMP) values ('IN024',659.8,659.88,to_timestamp('30-AUG-25 08.00.00.000000000 PM','DD-MON-RR HH.MI.SSXFF AM'));
Insert into PRICES (INSTRUMENTID,BIDPRICE,ASKPRICE,TIMESTAMP) values ('IN025',255.6,255.23,to_timestamp('30-AUG-25 08.00.00.000000000 PM','DD-MON-RR HH.MI.SSXFF AM'));
Insert into PRICES (INSTRUMENTID,BIDPRICE,ASKPRICE,TIMESTAMP) values ('IN027',6265,6265.66,to_timestamp('30-AUG-25 08.00.00.000000000 PM','DD-MON-RR HH.MI.SSXFF AM'));
Insert into PRICES (INSTRUMENTID,BIDPRICE,ASKPRICE,TIMESTAMP) values ('IN028',665.3,665.38,to_timestamp('30-AUG-25 08.00.00.000000000 PM','DD-MON-RR HH.MI.SSXFF AM'));
Insert into PRICES (INSTRUMENTID,BIDPRICE,ASKPRICE,TIMESTAMP) values ('IN029',68.7,68.73,to_timestamp('30-AUG-25 08.00.00.000000000 PM','DD-MON-RR HH.MI.SSXFF AM'));
Insert into PRICES (INSTRUMENTID,BIDPRICE,ASKPRICE,TIMESTAMP) values ('IN030',648.6,648.67,to_timestamp('30-AUG-25 08.00.00.000000000 PM','DD-MON-RR HH.MI.SSXFF AM'));
Insert into PRICES (INSTRUMENTID,BIDPRICE,ASKPRICE,TIMESTAMP) values ('IN036',480.5,480.74,to_timestamp('30-AUG-25 08.00.00.000000000 PM','DD-MON-RR HH.MI.SSXFF AM'));
Insert into PRICES (INSTRUMENTID,BIDPRICE,ASKPRICE,TIMESTAMP) values ('IN032',86.9,86.94,to_timestamp('30-AUG-25 08.00.00.000000000 PM','DD-MON-RR HH.MI.SSXFF AM'));
Insert into PRICES (INSTRUMENTID,BIDPRICE,ASKPRICE,TIMESTAMP) values ('IN033',490.8,496.05,to_timestamp('30-AUG-25 08.00.00.000000000 PM','DD-MON-RR HH.MI.SSXFF AM'));
Insert into PRICES (INSTRUMENTID,BIDPRICE,ASKPRICE,TIMESTAMP) values ('IN034',362.7,362.86,to_timestamp('30-AUG-25 08.00.00.000000000 PM','DD-MON-RR HH.MI.SSXFF AM'));
Insert into PRICES (INSTRUMENTID,BIDPRICE,ASKPRICE,TIMESTAMP) values ('IN035',668,668.06,to_timestamp('30-AUG-25 08.00.00.000000000 PM','DD-MON-RR HH.MI.SSXFF AM'));
Insert into PRICES (INSTRUMENTID,BIDPRICE,ASKPRICE,TIMESTAMP) values ('IN037',258.4,258.53,to_timestamp('30-AUG-25 08.00.00.000000000 PM','DD-MON-RR HH.MI.SSXFF AM'));
Insert into PRICES (INSTRUMENTID,BIDPRICE,ASKPRICE,TIMESTAMP) values ('IN038',69.3,69.33,to_timestamp('30-AUG-25 08.00.00.000000000 PM','DD-MON-RR HH.MI.SSXFF AM'));
Insert into PRICES (INSTRUMENTID,BIDPRICE,ASKPRICE,TIMESTAMP) values ('IN039',240.5,240.62,to_timestamp('30-AUG-25 08.00.00.000000000 PM','DD-MON-RR HH.MI.SSXFF AM'));
Insert into PRICES (INSTRUMENTID,BIDPRICE,ASKPRICE,TIMESTAMP) values ('IN040',45.2,45.22,to_timestamp('30-AUG-25 08.00.00.000000000 PM','DD-MON-RR HH.MI.SSXFF AM'));
Insert into PRICES (INSTRUMENTID,BIDPRICE,ASKPRICE,TIMESTAMP) values ('IN046',99.06,99.03,to_timestamp('30-AUG-25 08.00.00.000000000 PM','DD-MON-RR HH.MI.SSXFF AM'));
Insert into PRICES (INSTRUMENTID,BIDPRICE,ASKPRICE,TIMESTAMP) values ('IN042',99.98,99.99,to_timestamp('30-AUG-25 08.00.00.000000000 PM','DD-MON-RR HH.MI.SSXFF AM'));
Insert into PRICES (INSTRUMENTID,BIDPRICE,ASKPRICE,TIMESTAMP) values ('IN043',99.96,99.97,to_timestamp('30-AUG-25 08.00.00.000000000 PM','DD-MON-RR HH.MI.SSXFF AM'));
Insert into PRICES (INSTRUMENTID,BIDPRICE,ASKPRICE,TIMESTAMP) values ('IN044',99.7,99.76,to_timestamp('30-AUG-25 08.00.00.000000000 PM','DD-MON-RR HH.MI.SSXFF AM'));
Insert into PRICES (INSTRUMENTID,BIDPRICE,ASKPRICE,TIMESTAMP) values ('IN045',99.55,99.56,to_timestamp('30-AUG-25 08.00.00.000000000 PM','DD-MON-RR HH.MI.SSXFF AM'));
Insert into PRICES (INSTRUMENTID,BIDPRICE,ASKPRICE,TIMESTAMP) values ('IN047',99.93,99.94,to_timestamp('30-AUG-25 08.00.00.000000000 PM','DD-MON-RR HH.MI.SSXFF AM'));
Insert into PRICES (INSTRUMENTID,BIDPRICE,ASKPRICE,TIMESTAMP) values ('IN048',96.4,96.46,to_timestamp('30-AUG-25 08.00.00.000000000 PM','DD-MON-RR HH.MI.SSXFF AM'));
Insert into PRICES (INSTRUMENTID,BIDPRICE,ASKPRICE,TIMESTAMP) values ('IN049',96.68,96.69,to_timestamp('30-AUG-25 08.00.00.000000000 PM','DD-MON-RR HH.MI.SSXFF AM'));
Insert into PRICES (INSTRUMENTID,BIDPRICE,ASKPRICE,TIMESTAMP) values ('IN050',96.97,96.98,to_timestamp('30-AUG-25 08.00.00.000000000 PM','DD-MON-RR HH.MI.SSXFF AM'));
Insert into PRICES (INSTRUMENTID,BIDPRICE,ASKPRICE,TIMESTAMP) values ('IN056',97.25,97.26,to_timestamp('30-AUG-25 08.00.00.000000000 PM','DD-MON-RR HH.MI.SSXFF AM'));
Insert into PRICES (INSTRUMENTID,BIDPRICE,ASKPRICE,TIMESTAMP) values ('IN052',97.52,97.53,to_timestamp('30-AUG-25 08.00.00.000000000 PM','DD-MON-RR HH.MI.SSXFF AM'));
Insert into PRICES (INSTRUMENTID,BIDPRICE,ASKPRICE,TIMESTAMP) values ('IN053',97.8,97.86,to_timestamp('30-AUG-25 08.00.00.000000000 PM','DD-MON-RR HH.MI.SSXFF AM'));
Insert into PRICES (INSTRUMENTID,BIDPRICE,ASKPRICE,TIMESTAMP) values ('IN054',98.02,98.03,to_timestamp('30-AUG-25 08.00.00.000000000 PM','DD-MON-RR HH.MI.SSXFF AM'));
Insert into PRICES (INSTRUMENTID,BIDPRICE,ASKPRICE,TIMESTAMP) values ('IN055',98.05,98.06,to_timestamp('30-AUG-25 08.00.00.000000000 PM','DD-MON-RR HH.MI.SSXFF AM'));
Insert into PRICES (INSTRUMENTID,BIDPRICE,ASKPRICE,TIMESTAMP) values ('IN057',98.5,98.56,to_timestamp('30-AUG-25 08.00.00.000000000 PM','DD-MON-RR HH.MI.SSXFF AM'));
Insert into PRICES (INSTRUMENTID,BIDPRICE,ASKPRICE,TIMESTAMP) values ('IN058',98.67,98.68,to_timestamp('30-AUG-25 08.00.00.000000000 PM','DD-MON-RR HH.MI.SSXFF AM'));
Insert into PRICES (INSTRUMENTID,BIDPRICE,ASKPRICE,TIMESTAMP) values ('IN059',98.76,98.72,to_timestamp('30-AUG-25 08.00.00.000000000 PM','DD-MON-RR HH.MI.SSXFF AM'));
Insert into PRICES (INSTRUMENTID,BIDPRICE,ASKPRICE,TIMESTAMP) values ('IN070',99.96,99.97,to_timestamp('30-AUG-25 08.00.00.000000000 PM','DD-MON-RR HH.MI.SSXFF AM'));
Insert into PRICES (INSTRUMENTID,BIDPRICE,ASKPRICE,TIMESTAMP) values ('IN076',99.99,600,to_timestamp('30-AUG-25 08.00.00.000000000 PM','DD-MON-RR HH.MI.SSXFF AM'));
Insert into PRICES (INSTRUMENTID,BIDPRICE,ASKPRICE,TIMESTAMP) values ('IN072',600.06,600.02,to_timestamp('30-AUG-25 08.00.00.000000000 PM','DD-MON-RR HH.MI.SSXFF AM'));
Insert into PRICES (INSTRUMENTID,BIDPRICE,ASKPRICE,TIMESTAMP) values ('IN073',600.02,600.03,to_timestamp('30-AUG-25 08.00.00.000000000 PM','DD-MON-RR HH.MI.SSXFF AM'));
Insert into PRICES (INSTRUMENTID,BIDPRICE,ASKPRICE,TIMESTAMP) values ('IN074',99.25,99.26,to_timestamp('30-AUG-25 08.00.00.000000000 PM','DD-MON-RR HH.MI.SSXFF AM'));
Insert into PRICES (INSTRUMENTID,BIDPRICE,ASKPRICE,TIMESTAMP) values ('IN075',600.03,600.04,to_timestamp('30-AUG-25 08.00.00.000000000 PM','DD-MON-RR HH.MI.SSXFF AM'));
Insert into PRICES (INSTRUMENTID,BIDPRICE,ASKPRICE,TIMESTAMP) values ('IN077',600,600,to_timestamp('30-AUG-25 08.00.00.000000000 PM','DD-MON-RR HH.MI.SSXFF AM'));
Insert into PRICES (INSTRUMENTID,BIDPRICE,ASKPRICE,TIMESTAMP) values ('IN078',600,600,to_timestamp('30-AUG-25 08.00.00.000000000 PM','DD-MON-RR HH.MI.SSXFF AM'));
Insert into PRICES (INSTRUMENTID,BIDPRICE,ASKPRICE,TIMESTAMP) values ('IN079',600,600,to_timestamp('30-AUG-25 08.00.00.000000000 PM','DD-MON-RR HH.MI.SSXFF AM'));
Insert into PRICES (INSTRUMENTID,BIDPRICE,ASKPRICE,TIMESTAMP) values ('IN080',600,600,to_timestamp('30-AUG-25 08.00.00.000000000 PM','DD-MON-RR HH.MI.SSXFF AM'));
Insert into PRICES (INSTRUMENTID,BIDPRICE,ASKPRICE,TIMESTAMP) values ('IN086',600,600,to_timestamp('30-AUG-25 08.00.00.000000000 PM','DD-MON-RR HH.MI.SSXFF AM'));
Insert into PRICES (INSTRUMENTID,BIDPRICE,ASKPRICE,TIMESTAMP) values ('IN082',600,600,to_timestamp('30-AUG-25 08.00.00.000000000 PM','DD-MON-RR HH.MI.SSXFF AM'));
Insert into PRICES (INSTRUMENTID,BIDPRICE,ASKPRICE,TIMESTAMP) values ('IN083',600,600,to_timestamp('30-AUG-25 08.00.00.000000000 PM','DD-MON-RR HH.MI.SSXFF AM'));
Insert into PRICES (INSTRUMENTID,BIDPRICE,ASKPRICE,TIMESTAMP) values ('IN084',600,600,to_timestamp('30-AUG-25 08.00.00.000000000 PM','DD-MON-RR HH.MI.SSXFF AM'));
Insert into PRICES (INSTRUMENTID,BIDPRICE,ASKPRICE,TIMESTAMP) values ('IN085',600,600,to_timestamp('30-AUG-25 08.00.00.000000000 PM','DD-MON-RR HH.MI.SSXFF AM'));
Insert into PRICES (INSTRUMENTID,BIDPRICE,ASKPRICE,TIMESTAMP) values ('IN087',600,600,to_timestamp('30-AUG-25 08.00.00.000000000 PM','DD-MON-RR HH.MI.SSXFF AM'));
Insert into PRICES (INSTRUMENTID,BIDPRICE,ASKPRICE,TIMESTAMP) values ('IN088',600,600,to_timestamp('30-AUG-25 08.00.00.000000000 PM','DD-MON-RR HH.MI.SSXFF AM'));
Insert into PRICES (INSTRUMENTID,BIDPRICE,ASKPRICE,TIMESTAMP) values ('IN089',600,600,to_timestamp('30-AUG-25 08.00.00.000000000 PM','DD-MON-RR HH.MI.SSXFF AM'));
Insert into PRICES (INSTRUMENTID,BIDPRICE,ASKPRICE,TIMESTAMP) values ('IN090',600,600,to_timestamp('30-AUG-25 08.00.00.000000000 PM','DD-MON-RR HH.MI.SSXFF AM'));
Insert into PRICES (INSTRUMENTID,BIDPRICE,ASKPRICE,TIMESTAMP) values ('IN096',600,600,to_timestamp('30-AUG-25 08.00.00.000000000 PM','DD-MON-RR HH.MI.SSXFF AM'));
Insert into PRICES (INSTRUMENTID,BIDPRICE,ASKPRICE,TIMESTAMP) values ('IN092',600,600,to_timestamp('30-AUG-25 08.00.00.000000000 PM','DD-MON-RR HH.MI.SSXFF AM'));
Insert into PRICES (INSTRUMENTID,BIDPRICE,ASKPRICE,TIMESTAMP) values ('IN093',600,600,to_timestamp('30-AUG-25 08.00.00.000000000 PM','DD-MON-RR HH.MI.SSXFF AM'));
Insert into PRICES (INSTRUMENTID,BIDPRICE,ASKPRICE,TIMESTAMP) values ('IN094',600,600,to_timestamp('30-AUG-25 08.00.00.000000000 PM','DD-MON-RR HH.MI.SSXFF AM'));
Insert into PRICES (INSTRUMENTID,BIDPRICE,ASKPRICE,TIMESTAMP) values ('IN095',600,600,to_timestamp('30-AUG-25 08.00.00.000000000 PM','DD-MON-RR HH.MI.SSXFF AM'));
Insert into PRICES (INSTRUMENTID,BIDPRICE,ASKPRICE,TIMESTAMP) values ('IN097',600,600,to_timestamp('30-AUG-25 08.00.00.000000000 PM','DD-MON-RR HH.MI.SSXFF AM'));
Insert into PRICES (INSTRUMENTID,BIDPRICE,ASKPRICE,TIMESTAMP) values ('IN098',600,600,to_timestamp('30-AUG-25 08.00.00.000000000 PM','DD-MON-RR HH.MI.SSXFF AM'));
Insert into PRICES (INSTRUMENTID,BIDPRICE,ASKPRICE,TIMESTAMP) values ('IN099',600,600,to_timestamp('30-AUG-25 08.00.00.000000000 PM','DD-MON-RR HH.MI.SSXFF AM'));
Insert into PRICES (INSTRUMENTID,BIDPRICE,ASKPRICE,TIMESTAMP) values ('IN002',236.1,236.62,to_timestamp('31-AUG-25 08.00.00.000000000 PM','DD-MON-RR HH.MI.SSXFF AM'));
Insert into PRICES (INSTRUMENTID,BIDPRICE,ASKPRICE,TIMESTAMP) values ('IN003',675.2,675.29,to_timestamp('31-AUG-25 08.00.00.000000000 PM','DD-MON-RR HH.MI.SSXFF AM'));
Insert into PRICES (INSTRUMENTID,BIDPRICE,ASKPRICE,TIMESTAMP) values ('IN004',228.75,228.86,to_timestamp('31-AUG-25 08.00.00.000000000 PM','DD-MON-RR HH.MI.SSXFF AM'));
Insert into PRICES (INSTRUMENTID,BIDPRICE,ASKPRICE,TIMESTAMP) values ('IN005',262.4,262.16,to_timestamp('31-AUG-25 08.00.00.000000000 PM','DD-MON-RR HH.MI.SSXFF AM'));
Insert into PRICES (INSTRUMENTID,BIDPRICE,ASKPRICE,TIMESTAMP) values ('IN006',745.6,745.97,to_timestamp('31-AUG-25 08.00.00.000000000 PM','DD-MON-RR HH.MI.SSXFF AM'));
Insert into PRICES (INSTRUMENTID,BIDPRICE,ASKPRICE,TIMESTAMP) values ('IN007',263.6,263.26,to_timestamp('31-AUG-25 08.00.00.000000000 PM','DD-MON-RR HH.MI.SSXFF AM'));
Insert into PRICES (INSTRUMENTID,BIDPRICE,ASKPRICE,TIMESTAMP) values ('IN008',506.8,502.05,to_timestamp('31-AUG-25 08.00.00.000000000 PM','DD-MON-RR HH.MI.SSXFF AM'));
Insert into PRICES (INSTRUMENTID,BIDPRICE,ASKPRICE,TIMESTAMP) values ('IN009',730.25,730.62,to_timestamp('31-AUG-25 08.00.00.000000000 PM','DD-MON-RR HH.MI.SSXFF AM'));
Insert into PRICES (INSTRUMENTID,BIDPRICE,ASKPRICE,TIMESTAMP) values ('IN060',305.1,305.65,to_timestamp('31-AUG-25 08.00.00.000000000 PM','DD-MON-RR HH.MI.SSXFF AM'));
Insert into PRICES (INSTRUMENTID,BIDPRICE,ASKPRICE,TIMESTAMP) values ('IN066',340.6,340.27,to_timestamp('31-AUG-25 08.00.00.000000000 PM','DD-MON-RR HH.MI.SSXFF AM'));
Insert into PRICES (INSTRUMENTID,BIDPRICE,ASKPRICE,TIMESTAMP) values ('IN062',300.9,306.05,to_timestamp('31-AUG-25 08.00.00.000000000 PM','DD-MON-RR HH.MI.SSXFF AM'));
Insert into PRICES (INSTRUMENTID,BIDPRICE,ASKPRICE,TIMESTAMP) values ('IN063',350.2,350.38,to_timestamp('31-AUG-25 08.00.00.000000000 PM','DD-MON-RR HH.MI.SSXFF AM'));
Insert into PRICES (INSTRUMENTID,BIDPRICE,ASKPRICE,TIMESTAMP) values ('IN064',663.8,663.86,to_timestamp('31-AUG-25 08.00.00.000000000 PM','DD-MON-RR HH.MI.SSXFF AM'));
Insert into PRICES (INSTRUMENTID,BIDPRICE,ASKPRICE,TIMESTAMP) values ('IN065',96.1,96.15,to_timestamp('31-AUG-25 08.00.00.000000000 PM','DD-MON-RR HH.MI.SSXFF AM'));
Insert into PRICES (INSTRUMENTID,BIDPRICE,ASKPRICE,TIMESTAMP) values ('IN067',592.6,592.4,to_timestamp('31-AUG-25 08.00.00.000000000 PM','DD-MON-RR HH.MI.SSXFF AM'));
Insert into PRICES (INSTRUMENTID,BIDPRICE,ASKPRICE,TIMESTAMP) values ('IN068',676.8,676.89,to_timestamp('31-AUG-25 08.00.00.000000000 PM','DD-MON-RR HH.MI.SSXFF AM'));
Insert into PRICES (INSTRUMENTID,BIDPRICE,ASKPRICE,TIMESTAMP) values ('IN069',656.4,656.48,to_timestamp('31-AUG-25 08.00.00.000000000 PM','DD-MON-RR HH.MI.SSXFF AM'));
Insert into PRICES (INSTRUMENTID,BIDPRICE,ASKPRICE,TIMESTAMP) values ('IN020',405.9,406.6,to_timestamp('31-AUG-25 08.00.00.000000000 PM','DD-MON-RR HH.MI.SSXFF AM'));
Insert into PRICES (INSTRUMENTID,BIDPRICE,ASKPRICE,TIMESTAMP) values ('IN026',945.2,945.67,to_timestamp('31-AUG-25 08.00.00.000000000 PM','DD-MON-RR HH.MI.SSXFF AM'));
Insert into PRICES (INSTRUMENTID,BIDPRICE,ASKPRICE,TIMESTAMP) values ('IN022',83.7,83.74,to_timestamp('31-AUG-25 08.00.00.000000000 PM','DD-MON-RR HH.MI.SSXFF AM'));
Insert into PRICES (INSTRUMENTID,BIDPRICE,ASKPRICE,TIMESTAMP) values ('IN023',209.1,209.6,to_timestamp('31-AUG-25 08.00.00.000000000 PM','DD-MON-RR HH.MI.SSXFF AM'));
Insert into PRICES (INSTRUMENTID,BIDPRICE,ASKPRICE,TIMESTAMP) values ('IN024',659.8,659.88,to_timestamp('31-AUG-25 08.00.00.000000000 PM','DD-MON-RR HH.MI.SSXFF AM'));
Insert into PRICES (INSTRUMENTID,BIDPRICE,ASKPRICE,TIMESTAMP) values ('IN025',255.6,255.23,to_timestamp('31-AUG-25 08.00.00.000000000 PM','DD-MON-RR HH.MI.SSXFF AM'));
Insert into PRICES (INSTRUMENTID,BIDPRICE,ASKPRICE,TIMESTAMP) values ('IN027',6265,6265.66,to_timestamp('31-AUG-25 08.00.00.000000000 PM','DD-MON-RR HH.MI.SSXFF AM'));
Insert into PRICES (INSTRUMENTID,BIDPRICE,ASKPRICE,TIMESTAMP) values ('IN028',665.3,665.38,to_timestamp('31-AUG-25 08.00.00.000000000 PM','DD-MON-RR HH.MI.SSXFF AM'));
Insert into PRICES (INSTRUMENTID,BIDPRICE,ASKPRICE,TIMESTAMP) values ('IN029',68.7,68.73,to_timestamp('31-AUG-25 08.00.00.000000000 PM','DD-MON-RR HH.MI.SSXFF AM'));
Insert into PRICES (INSTRUMENTID,BIDPRICE,ASKPRICE,TIMESTAMP) values ('IN030',648.6,648.67,to_timestamp('31-AUG-25 08.00.00.000000000 PM','DD-MON-RR HH.MI.SSXFF AM'));
Insert into PRICES (INSTRUMENTID,BIDPRICE,ASKPRICE,TIMESTAMP) values ('IN036',480.1,480.74,to_timestamp('31-AUG-25 08.00.00.000000000 PM','DD-MON-RR HH.MI.SSXFF AM'));
Insert into PRICES (INSTRUMENTID,BIDPRICE,ASKPRICE,TIMESTAMP) values ('IN032',86.9,86.94,to_timestamp('31-AUG-25 08.00.00.000000000 PM','DD-MON-RR HH.MI.SSXFF AM'));
Insert into PRICES (INSTRUMENTID,BIDPRICE,ASKPRICE,TIMESTAMP) values ('IN033',490.8,496.05,to_timestamp('31-AUG-25 08.00.00.000000000 PM','DD-MON-RR HH.MI.SSXFF AM'));
Insert into PRICES (INSTRUMENTID,BIDPRICE,ASKPRICE,TIMESTAMP) values ('IN034',362.7,362.86,to_timestamp('31-AUG-25 08.00.00.000000000 PM','DD-MON-RR HH.MI.SSXFF AM'));
Insert into PRICES (INSTRUMENTID,BIDPRICE,ASKPRICE,TIMESTAMP) values ('IN035',668,668.06,to_timestamp('31-AUG-25 08.00.00.000000000 PM','DD-MON-RR HH.MI.SSXFF AM'));
Insert into PRICES (INSTRUMENTID,BIDPRICE,ASKPRICE,TIMESTAMP) values ('IN037',258.4,258.13,to_timestamp('31-AUG-25 08.00.00.000000000 PM','DD-MON-RR HH.MI.SSXFF AM'));
Insert into PRICES (INSTRUMENTID,BIDPRICE,ASKPRICE,TIMESTAMP) values ('IN038',69.3,69.33,to_timestamp('31-AUG-25 08.00.00.000000000 PM','DD-MON-RR HH.MI.SSXFF AM'));
Insert into PRICES (INSTRUMENTID,BIDPRICE,ASKPRICE,TIMESTAMP) values ('IN039',240.1,240.62,to_timestamp('31-AUG-25 08.00.00.000000000 PM','DD-MON-RR HH.MI.SSXFF AM'));
Insert into PRICES (INSTRUMENTID,BIDPRICE,ASKPRICE,TIMESTAMP) values ('IN040',45.2,45.22,to_timestamp('31-AUG-25 08.00.00.000000000 PM','DD-MON-RR HH.MI.SSXFF AM'));
Insert into PRICES (INSTRUMENTID,BIDPRICE,ASKPRICE,TIMESTAMP) values ('IN046',99.06,99.03,to_timestamp('31-AUG-25 08.00.00.000000000 PM','DD-MON-RR HH.MI.SSXFF AM'));
Insert into PRICES (INSTRUMENTID,BIDPRICE,ASKPRICE,TIMESTAMP) values ('IN042',99.98,99.99,to_timestamp('31-AUG-25 08.00.00.000000000 PM','DD-MON-RR HH.MI.SSXFF AM'));
Insert into PRICES (INSTRUMENTID,BIDPRICE,ASKPRICE,TIMESTAMP) values ('IN043',99.96,99.97,to_timestamp('31-AUG-25 08.00.00.000000000 PM','DD-MON-RR HH.MI.SSXFF AM'));
Insert into PRICES (INSTRUMENTID,BIDPRICE,ASKPRICE,TIMESTAMP) values ('IN044',99.7,99.76,to_timestamp('31-AUG-25 08.00.00.000000000 PM','DD-MON-RR HH.MI.SSXFF AM'));
Insert into PRICES (INSTRUMENTID,BIDPRICE,ASKPRICE,TIMESTAMP) values ('IN045',99.15,99.16,to_timestamp('31-AUG-25 08.00.00.000000000 PM','DD-MON-RR HH.MI.SSXFF AM'));
Insert into PRICES (INSTRUMENTID,BIDPRICE,ASKPRICE,TIMESTAMP) values ('IN047',99.93,99.94,to_timestamp('31-AUG-25 08.00.00.000000000 PM','DD-MON-RR HH.MI.SSXFF AM'));
Insert into PRICES (INSTRUMENTID,BIDPRICE,ASKPRICE,TIMESTAMP) values ('IN048',96.4,96.46,to_timestamp('31-AUG-25 08.00.00.000000000 PM','DD-MON-RR HH.MI.SSXFF AM'));
Insert into PRICES (INSTRUMENTID,BIDPRICE,ASKPRICE,TIMESTAMP) values ('IN049',96.68,96.69,to_timestamp('31-AUG-25 08.00.00.000000000 PM','DD-MON-RR HH.MI.SSXFF AM'));
Insert into PRICES (INSTRUMENTID,BIDPRICE,ASKPRICE,TIMESTAMP) values ('IN050',96.97,96.98,to_timestamp('31-AUG-25 08.00.00.000000000 PM','DD-MON-RR HH.MI.SSXFF AM'));
Insert into PRICES (INSTRUMENTID,BIDPRICE,ASKPRICE,TIMESTAMP) values ('IN056',97.25,97.26,to_timestamp('31-AUG-25 08.00.00.000000000 PM','DD-MON-RR HH.MI.SSXFF AM'));
Insert into PRICES (INSTRUMENTID,BIDPRICE,ASKPRICE,TIMESTAMP) values ('IN052',97.12,97.13,to_timestamp('31-AUG-25 08.00.00.000000000 PM','DD-MON-RR HH.MI.SSXFF AM'));
Insert into PRICES (INSTRUMENTID,BIDPRICE,ASKPRICE,TIMESTAMP) values ('IN053',97.8,97.86,to_timestamp('31-AUG-25 08.00.00.000000000 PM','DD-MON-RR HH.MI.SSXFF AM'));
Insert into PRICES (INSTRUMENTID,BIDPRICE,ASKPRICE,TIMESTAMP) values ('IN054',98.02,98.03,to_timestamp('31-AUG-25 08.00.00.000000000 PM','DD-MON-RR HH.MI.SSXFF AM'));
Insert into PRICES (INSTRUMENTID,BIDPRICE,ASKPRICE,TIMESTAMP) values ('IN055',98.05,98.06,to_timestamp('31-AUG-25 08.00.00.000000000 PM','DD-MON-RR HH.MI.SSXFF AM'));
Insert into PRICES (INSTRUMENTID,BIDPRICE,ASKPRICE,TIMESTAMP) values ('IN057',98.1,98.16,to_timestamp('31-AUG-25 08.00.00.000000000 PM','DD-MON-RR HH.MI.SSXFF AM'));
Insert into PRICES (INSTRUMENTID,BIDPRICE,ASKPRICE,TIMESTAMP) values ('IN058',98.67,98.68,to_timestamp('31-AUG-25 08.00.00.000000000 PM','DD-MON-RR HH.MI.SSXFF AM'));
Insert into PRICES (INSTRUMENTID,BIDPRICE,ASKPRICE,TIMESTAMP) values ('IN059',98.76,98.72,to_timestamp('31-AUG-25 08.00.00.000000000 PM','DD-MON-RR HH.MI.SSXFF AM'));
Insert into PRICES (INSTRUMENTID,BIDPRICE,ASKPRICE,TIMESTAMP) values ('IN070',99.96,99.97,to_timestamp('31-AUG-25 08.00.00.000000000 PM','DD-MON-RR HH.MI.SSXFF AM'));
Insert into PRICES (INSTRUMENTID,BIDPRICE,ASKPRICE,TIMESTAMP) values ('IN076',99.99,600,to_timestamp('31-AUG-25 08.00.00.000000000 PM','DD-MON-RR HH.MI.SSXFF AM'));
Insert into PRICES (INSTRUMENTID,BIDPRICE,ASKPRICE,TIMESTAMP) values ('IN072',600.06,600.02,to_timestamp('31-AUG-25 08.00.00.000000000 PM','DD-MON-RR HH.MI.SSXFF AM'));
Insert into PRICES (INSTRUMENTID,BIDPRICE,ASKPRICE,TIMESTAMP) values ('IN073',600.02,600.03,to_timestamp('31-AUG-25 08.00.00.000000000 PM','DD-MON-RR HH.MI.SSXFF AM'));
Insert into PRICES (INSTRUMENTID,BIDPRICE,ASKPRICE,TIMESTAMP) values ('IN074',99.25,99.26,to_timestamp('31-AUG-25 08.00.00.000000000 PM','DD-MON-RR HH.MI.SSXFF AM'));
Insert into PRICES (INSTRUMENTID,BIDPRICE,ASKPRICE,TIMESTAMP) values ('IN075',600.03,600.04,to_timestamp('31-AUG-25 08.00.00.000000000 PM','DD-MON-RR HH.MI.SSXFF AM'));
Insert into PRICES (INSTRUMENTID,BIDPRICE,ASKPRICE,TIMESTAMP) values ('IN077',600,600,to_timestamp('31-AUG-25 08.00.00.000000000 PM','DD-MON-RR HH.MI.SSXFF AM'));
Insert into PRICES (INSTRUMENTID,BIDPRICE,ASKPRICE,TIMESTAMP) values ('IN078',600,600,to_timestamp('31-AUG-25 08.00.00.000000000 PM','DD-MON-RR HH.MI.SSXFF AM'));
Insert into PRICES (INSTRUMENTID,BIDPRICE,ASKPRICE,TIMESTAMP) values ('IN079',600,600,to_timestamp('31-AUG-25 08.00.00.000000000 PM','DD-MON-RR HH.MI.SSXFF AM'));
Insert into PRICES (INSTRUMENTID,BIDPRICE,ASKPRICE,TIMESTAMP) values ('IN080',600,600,to_timestamp('31-AUG-25 08.00.00.000000000 PM','DD-MON-RR HH.MI.SSXFF AM'));
Insert into PRICES (INSTRUMENTID,BIDPRICE,ASKPRICE,TIMESTAMP) values ('IN086',600,600,to_timestamp('31-AUG-25 08.00.00.000000000 PM','DD-MON-RR HH.MI.SSXFF AM'));
Insert into PRICES (INSTRUMENTID,BIDPRICE,ASKPRICE,TIMESTAMP) values ('IN082',600,600,to_timestamp('31-AUG-25 08.00.00.000000000 PM','DD-MON-RR HH.MI.SSXFF AM'));
Insert into PRICES (INSTRUMENTID,BIDPRICE,ASKPRICE,TIMESTAMP) values ('IN083',600,600,to_timestamp('31-AUG-25 08.00.00.000000000 PM','DD-MON-RR HH.MI.SSXFF AM'));
Insert into PRICES (INSTRUMENTID,BIDPRICE,ASKPRICE,TIMESTAMP) values ('IN084',600,600,to_timestamp('31-AUG-25 08.00.00.000000000 PM','DD-MON-RR HH.MI.SSXFF AM'));
Insert into PRICES (INSTRUMENTID,BIDPRICE,ASKPRICE,TIMESTAMP) values ('IN085',600,600,to_timestamp('31-AUG-25 08.00.00.000000000 PM','DD-MON-RR HH.MI.SSXFF AM'));
Insert into PRICES (INSTRUMENTID,BIDPRICE,ASKPRICE,TIMESTAMP) values ('IN087',600,600,to_timestamp('31-AUG-25 08.00.00.000000000 PM','DD-MON-RR HH.MI.SSXFF AM'));
Insert into PRICES (INSTRUMENTID,BIDPRICE,ASKPRICE,TIMESTAMP) values ('IN088',600,600,to_timestamp('31-AUG-25 08.00.00.000000000 PM','DD-MON-RR HH.MI.SSXFF AM'));
Insert into PRICES (INSTRUMENTID,BIDPRICE,ASKPRICE,TIMESTAMP) values ('IN089',600,600,to_timestamp('31-AUG-25 08.00.00.000000000 PM','DD-MON-RR HH.MI.SSXFF AM'));
Insert into PRICES (INSTRUMENTID,BIDPRICE,ASKPRICE,TIMESTAMP) values ('IN090',600,600,to_timestamp('31-AUG-25 08.00.00.000000000 PM','DD-MON-RR HH.MI.SSXFF AM'));
Insert into PRICES (INSTRUMENTID,BIDPRICE,ASKPRICE,TIMESTAMP) values ('IN096',600,600,to_timestamp('31-AUG-25 08.00.00.000000000 PM','DD-MON-RR HH.MI.SSXFF AM'));
Insert into PRICES (INSTRUMENTID,BIDPRICE,ASKPRICE,TIMESTAMP) values ('IN092',600,600,to_timestamp('31-AUG-25 08.00.00.000000000 PM','DD-MON-RR HH.MI.SSXFF AM'));
Insert into PRICES (INSTRUMENTID,BIDPRICE,ASKPRICE,TIMESTAMP) values ('IN093',600,600,to_timestamp('31-AUG-25 08.00.00.000000000 PM','DD-MON-RR HH.MI.SSXFF AM'));
Insert into PRICES (INSTRUMENTID,BIDPRICE,ASKPRICE,TIMESTAMP) values ('IN094',600,600,to_timestamp('31-AUG-25 08.00.00.000000000 PM','DD-MON-RR HH.MI.SSXFF AM'));
Insert into PRICES (INSTRUMENTID,BIDPRICE,ASKPRICE,TIMESTAMP) values ('IN095',600,600,to_timestamp('31-AUG-25 08.00.00.000000000 PM','DD-MON-RR HH.MI.SSXFF AM'));
Insert into PRICES (INSTRUMENTID,BIDPRICE,ASKPRICE,TIMESTAMP) values ('IN097',600,600,to_timestamp('31-AUG-25 08.00.00.000000000 PM','DD-MON-RR HH.MI.SSXFF AM'));
Insert into PRICES (INSTRUMENTID,BIDPRICE,ASKPRICE,TIMESTAMP) values ('IN098',600,600,to_timestamp('31-AUG-25 08.00.00.000000000 PM','DD-MON-RR HH.MI.SSXFF AM'));
Insert into PRICES (INSTRUMENTID,BIDPRICE,ASKPRICE,TIMESTAMP) values ('IN099',600,600,to_timestamp('31-AUG-25 08.00.00.000000000 PM','DD-MON-RR HH.MI.SSXFF AM'));
Insert into PRICES (INSTRUMENTID,BIDPRICE,ASKPRICE,TIMESTAMP) values ('IN002',231.5,231.62,to_timestamp('25-AUG-25 08.00.00.000000000 PM','DD-MON-RR HH.MI.SSXFF AM'));
Insert into PRICES (INSTRUMENTID,BIDPRICE,ASKPRICE,TIMESTAMP) values ('IN003',175.2,175.29,to_timestamp('25-AUG-25 08.00.00.000000000 PM','DD-MON-RR HH.MI.SSXFF AM'));
Insert into PRICES (INSTRUMENTID,BIDPRICE,ASKPRICE,TIMESTAMP) values ('IN004',228.75,228.86,to_timestamp('25-AUG-25 08.00.00.000000000 PM','DD-MON-RR HH.MI.SSXFF AM'));
Insert into PRICES (INSTRUMENTID,BIDPRICE,ASKPRICE,TIMESTAMP) values ('IN005',212.4,212.51,to_timestamp('25-AUG-25 08.00.00.000000000 PM','DD-MON-RR HH.MI.SSXFF AM'));
Insert into PRICES (INSTRUMENTID,BIDPRICE,ASKPRICE,TIMESTAMP) values ('IN006',745.6,745.97,to_timestamp('25-AUG-25 08.00.00.000000000 PM','DD-MON-RR HH.MI.SSXFF AM'));
Insert into PRICES (INSTRUMENTID,BIDPRICE,ASKPRICE,TIMESTAMP) values ('IN007',213.1,213.21,to_timestamp('25-AUG-25 08.00.00.000000000 PM','DD-MON-RR HH.MI.SSXFF AM'));
Insert into PRICES (INSTRUMENTID,BIDPRICE,ASKPRICE,TIMESTAMP) values ('IN008',501.8,502.05,to_timestamp('25-AUG-25 08.00.00.000000000 PM','DD-MON-RR HH.MI.SSXFF AM'));
Insert into PRICES (INSTRUMENTID,BIDPRICE,ASKPRICE,TIMESTAMP) values ('IN009',730.25,730.62,to_timestamp('25-AUG-25 08.00.00.000000000 PM','DD-MON-RR HH.MI.SSXFF AM'));
Insert into PRICES (INSTRUMENTID,BIDPRICE,ASKPRICE,TIMESTAMP) values ('IN010',305.5,305.65,to_timestamp('25-AUG-25 08.00.00.000000000 PM','DD-MON-RR HH.MI.SSXFF AM'));
Insert into PRICES (INSTRUMENTID,BIDPRICE,ASKPRICE,TIMESTAMP) values ('IN011',340.1,340.27,to_timestamp('25-AUG-25 08.00.00.000000000 PM','DD-MON-RR HH.MI.SSXFF AM'));
Insert into PRICES (INSTRUMENTID,BIDPRICE,ASKPRICE,TIMESTAMP) values ('IN012',300.9,301.05,to_timestamp('25-AUG-25 08.00.00.000000000 PM','DD-MON-RR HH.MI.SSXFF AM'));
Insert into PRICES (INSTRUMENTID,BIDPRICE,ASKPRICE,TIMESTAMP) values ('IN013',350.2,350.38,to_timestamp('25-AUG-25 08.00.00.000000000 PM','DD-MON-RR HH.MI.SSXFF AM'));
Insert into PRICES (INSTRUMENTID,BIDPRICE,ASKPRICE,TIMESTAMP) values ('IN014',113.8,113.86,to_timestamp('25-AUG-25 08.00.00.000000000 PM','DD-MON-RR HH.MI.SSXFF AM'));
Insert into PRICES (INSTRUMENTID,BIDPRICE,ASKPRICE,TIMESTAMP) values ('IN015',96.5,96.55,to_timestamp('25-AUG-25 08.00.00.000000000 PM','DD-MON-RR HH.MI.SSXFF AM'));
Insert into PRICES (INSTRUMENTID,BIDPRICE,ASKPRICE,TIMESTAMP) values ('IN016',305.4,305.55,to_timestamp('25-AUG-25 08.00.00.000000000 PM','DD-MON-RR HH.MI.SSXFF AM'));
Insert into PRICES (INSTRUMENTID,BIDPRICE,ASKPRICE,TIMESTAMP) values ('IN017',592.1,592.4,to_timestamp('25-AUG-25 08.00.00.000000000 PM','DD-MON-RR HH.MI.SSXFF AM'));
Insert into PRICES (INSTRUMENTID,BIDPRICE,ASKPRICE,TIMESTAMP) values ('IN018',176.8,176.89,to_timestamp('25-AUG-25 08.00.00.000000000 PM','DD-MON-RR HH.MI.SSXFF AM'));
Insert into PRICES (INSTRUMENTID,BIDPRICE,ASKPRICE,TIMESTAMP) values ('IN019',156.4,156.48,to_timestamp('25-AUG-25 08.00.00.000000000 PM','DD-MON-RR HH.MI.SSXFF AM'));
Insert into PRICES (INSTRUMENTID,BIDPRICE,ASKPRICE,TIMESTAMP) values ('IN020',405.9,406.1,to_timestamp('25-AUG-25 08.00.00.000000000 PM','DD-MON-RR HH.MI.SSXFF AM'));
Insert into PRICES (INSTRUMENTID,BIDPRICE,ASKPRICE,TIMESTAMP) values ('IN021',945.2,945.67,to_timestamp('25-AUG-25 08.00.00.000000000 PM','DD-MON-RR HH.MI.SSXFF AM'));
Insert into PRICES (INSTRUMENTID,BIDPRICE,ASKPRICE,TIMESTAMP) values ('IN022',83.7,83.74,to_timestamp('25-AUG-25 08.00.00.000000000 PM','DD-MON-RR HH.MI.SSXFF AM'));
Insert into PRICES (INSTRUMENTID,BIDPRICE,ASKPRICE,TIMESTAMP) values ('IN023',209.5,209.6,to_timestamp('25-AUG-25 08.00.00.000000000 PM','DD-MON-RR HH.MI.SSXFF AM'));
Insert into PRICES (INSTRUMENTID,BIDPRICE,ASKPRICE,TIMESTAMP) values ('IN024',159.8,159.88,to_timestamp('25-AUG-25 08.00.00.000000000 PM','DD-MON-RR HH.MI.SSXFF AM'));
Insert into PRICES (INSTRUMENTID,BIDPRICE,ASKPRICE,TIMESTAMP) values ('IN025',255.1,255.23,to_timestamp('25-AUG-25 08.00.00.000000000 PM','DD-MON-RR HH.MI.SSXFF AM'));
Insert into PRICES (INSTRUMENTID,BIDPRICE,ASKPRICE,TIMESTAMP) values ('IN026',50.5,50.53,to_timestamp('25-AUG-25 08.00.00.000000000 PM','DD-MON-RR HH.MI.SSXFF AM'));
Insert into PRICES (INSTRUMENTID,BIDPRICE,ASKPRICE,TIMESTAMP) values ('IN027',1215,1215.61,to_timestamp('25-AUG-25 08.00.00.000000000 PM','DD-MON-RR HH.MI.SSXFF AM'));
Insert into PRICES (INSTRUMENTID,BIDPRICE,ASKPRICE,TIMESTAMP) values ('IN028',165.3,165.38,to_timestamp('25-AUG-25 08.00.00.000000000 PM','DD-MON-RR HH.MI.SSXFF AM'));
Insert into PRICES (INSTRUMENTID,BIDPRICE,ASKPRICE,TIMESTAMP) values ('IN029',68.7,68.73,to_timestamp('25-AUG-25 08.00.00.000000000 PM','DD-MON-RR HH.MI.SSXFF AM'));
Insert into PRICES (INSTRUMENTID,BIDPRICE,ASKPRICE,TIMESTAMP) values ('IN030',148.1,148.17,to_timestamp('25-AUG-25 08.00.00.000000000 PM','DD-MON-RR HH.MI.SSXFF AM'));
Insert into PRICES (INSTRUMENTID,BIDPRICE,ASKPRICE,TIMESTAMP) values ('IN031',480.5,480.74,to_timestamp('25-AUG-25 08.00.00.000000000 PM','DD-MON-RR HH.MI.SSXFF AM'));
Insert into PRICES (INSTRUMENTID,BIDPRICE,ASKPRICE,TIMESTAMP) values ('IN032',81.9,81.94,to_timestamp('25-AUG-25 08.00.00.000000000 PM','DD-MON-RR HH.MI.SSXFF AM'));
Insert into PRICES (INSTRUMENTID,BIDPRICE,ASKPRICE,TIMESTAMP) values ('IN033',490.8,491.05,to_timestamp('25-AUG-25 08.00.00.000000000 PM','DD-MON-RR HH.MI.SSXFF AM'));
Insert into PRICES (INSTRUMENTID,BIDPRICE,ASKPRICE,TIMESTAMP) values ('IN034',312.7,312.86,to_timestamp('25-AUG-25 08.00.00.000000000 PM','DD-MON-RR HH.MI.SSXFF AM'));
Insert into PRICES (INSTRUMENTID,BIDPRICE,ASKPRICE,TIMESTAMP) values ('IN035',118,118.06,to_timestamp('25-AUG-25 08.00.00.000000000 PM','DD-MON-RR HH.MI.SSXFF AM'));
Insert into PRICES (INSTRUMENTID,BIDPRICE,ASKPRICE,TIMESTAMP) values ('IN036',132.1,132.17,to_timestamp('25-AUG-25 08.00.00.000000000 PM','DD-MON-RR HH.MI.SSXFF AM'));
Insert into PRICES (INSTRUMENTID,BIDPRICE,ASKPRICE,TIMESTAMP) values ('IN037',258.4,258.53,to_timestamp('25-AUG-25 08.00.00.000000000 PM','DD-MON-RR HH.MI.SSXFF AM'));
Insert into PRICES (INSTRUMENTID,BIDPRICE,ASKPRICE,TIMESTAMP) values ('IN038',69.3,69.33,to_timestamp('25-AUG-25 08.00.00.000000000 PM','DD-MON-RR HH.MI.SSXFF AM'));
Insert into PRICES (INSTRUMENTID,BIDPRICE,ASKPRICE,TIMESTAMP) values ('IN039',240.5,240.62,to_timestamp('25-AUG-25 08.00.00.000000000 PM','DD-MON-RR HH.MI.SSXFF AM'));
Insert into PRICES (INSTRUMENTID,BIDPRICE,ASKPRICE,TIMESTAMP) values ('IN040',45.2,45.22,to_timestamp('25-AUG-25 08.00.00.000000000 PM','DD-MON-RR HH.MI.SSXFF AM'));
Insert into PRICES (INSTRUMENTID,BIDPRICE,ASKPRICE,TIMESTAMP) values ('IN041',99.01,99.03,to_timestamp('25-AUG-25 08.00.00.000000000 PM','DD-MON-RR HH.MI.SSXFF AM'));
Insert into PRICES (INSTRUMENTID,BIDPRICE,ASKPRICE,TIMESTAMP) values ('IN042',99.98,99.99,to_timestamp('25-AUG-25 08.00.00.000000000 PM','DD-MON-RR HH.MI.SSXFF AM'));
Insert into PRICES (INSTRUMENTID,BIDPRICE,ASKPRICE,TIMESTAMP) values ('IN043',99.96,99.97,to_timestamp('25-AUG-25 08.00.00.000000000 PM','DD-MON-RR HH.MI.SSXFF AM'));
Insert into PRICES (INSTRUMENTID,BIDPRICE,ASKPRICE,TIMESTAMP) values ('IN044',99.7,99.71,to_timestamp('25-AUG-25 08.00.00.000000000 PM','DD-MON-RR HH.MI.SSXFF AM'));
Insert into PRICES (INSTRUMENTID,BIDPRICE,ASKPRICE,TIMESTAMP) values ('IN045',99.55,99.56,to_timestamp('25-AUG-25 08.00.00.000000000 PM','DD-MON-RR HH.MI.SSXFF AM'));
Insert into PRICES (INSTRUMENTID,BIDPRICE,ASKPRICE,TIMESTAMP) values ('IN046',99.97,99.98,to_timestamp('25-AUG-25 08.00.00.000000000 PM','DD-MON-RR HH.MI.SSXFF AM'));
Insert into PRICES (INSTRUMENTID,BIDPRICE,ASKPRICE,TIMESTAMP) values ('IN047',99.93,99.94,to_timestamp('25-AUG-25 08.00.00.000000000 PM','DD-MON-RR HH.MI.SSXFF AM'));
Insert into PRICES (INSTRUMENTID,BIDPRICE,ASKPRICE,TIMESTAMP) values ('IN048',96.4,96.41,to_timestamp('25-AUG-25 08.00.00.000000000 PM','DD-MON-RR HH.MI.SSXFF AM'));
Insert into PRICES (INSTRUMENTID,BIDPRICE,ASKPRICE,TIMESTAMP) values ('IN049',96.68,96.69,to_timestamp('25-AUG-25 08.00.00.000000000 PM','DD-MON-RR HH.MI.SSXFF AM'));
Insert into PRICES (INSTRUMENTID,BIDPRICE,ASKPRICE,TIMESTAMP) values ('IN050',96.97,96.98,to_timestamp('25-AUG-25 08.00.00.000000000 PM','DD-MON-RR HH.MI.SSXFF AM'));
Insert into PRICES (INSTRUMENTID,BIDPRICE,ASKPRICE,TIMESTAMP) values ('IN051',97.25,97.26,to_timestamp('25-AUG-25 08.00.00.000000000 PM','DD-MON-RR HH.MI.SSXFF AM'));
Insert into PRICES (INSTRUMENTID,BIDPRICE,ASKPRICE,TIMESTAMP) values ('IN052',97.52,97.53,to_timestamp('25-AUG-25 08.00.00.000000000 PM','DD-MON-RR HH.MI.SSXFF AM'));
Insert into PRICES (INSTRUMENTID,BIDPRICE,ASKPRICE,TIMESTAMP) values ('IN053',97.8,97.81,to_timestamp('25-AUG-25 08.00.00.000000000 PM','DD-MON-RR HH.MI.SSXFF AM'));
Insert into PRICES (INSTRUMENTID,BIDPRICE,ASKPRICE,TIMESTAMP) values ('IN054',98.02,98.03,to_timestamp('25-AUG-25 08.00.00.000000000 PM','DD-MON-RR HH.MI.SSXFF AM'));
Insert into PRICES (INSTRUMENTID,BIDPRICE,ASKPRICE,TIMESTAMP) values ('IN055',98.05,98.06,to_timestamp('25-AUG-25 08.00.00.000000000 PM','DD-MON-RR HH.MI.SSXFF AM'));
Insert into PRICES (INSTRUMENTID,BIDPRICE,ASKPRICE,TIMESTAMP) values ('IN056',98.28,98.29,to_timestamp('25-AUG-25 08.00.00.000000000 PM','DD-MON-RR HH.MI.SSXFF AM'));
Insert into PRICES (INSTRUMENTID,BIDPRICE,ASKPRICE,TIMESTAMP) values ('IN057',98.5,98.51,to_timestamp('25-AUG-25 08.00.00.000000000 PM','DD-MON-RR HH.MI.SSXFF AM'));
Insert into PRICES (INSTRUMENTID,BIDPRICE,ASKPRICE,TIMESTAMP) values ('IN058',98.67,98.68,to_timestamp('25-AUG-25 08.00.00.000000000 PM','DD-MON-RR HH.MI.SSXFF AM'));
Insert into PRICES (INSTRUMENTID,BIDPRICE,ASKPRICE,TIMESTAMP) values ('IN059',98.71,98.72,to_timestamp('25-AUG-25 08.00.00.000000000 PM','DD-MON-RR HH.MI.SSXFF AM'));
Insert into PRICES (INSTRUMENTID,BIDPRICE,ASKPRICE,TIMESTAMP) values ('IN060',98.95,98.96,to_timestamp('25-AUG-25 08.00.00.000000000 PM','DD-MON-RR HH.MI.SSXFF AM'));
Insert into PRICES (INSTRUMENTID,BIDPRICE,ASKPRICE,TIMESTAMP) values ('IN061',99.08,99.09,to_timestamp('25-AUG-25 08.00.00.000000000 PM','DD-MON-RR HH.MI.SSXFF AM'));
Insert into PRICES (INSTRUMENTID,BIDPRICE,ASKPRICE,TIMESTAMP) values ('IN062',99.24,99.25,to_timestamp('25-AUG-25 08.00.00.000000000 PM','DD-MON-RR HH.MI.SSXFF AM'));
Insert into PRICES (INSTRUMENTID,BIDPRICE,ASKPRICE,TIMESTAMP) values ('IN063',99.36,99.37,to_timestamp('25-AUG-25 08.00.00.000000000 PM','DD-MON-RR HH.MI.SSXFF AM'));
Insert into PRICES (INSTRUMENTID,BIDPRICE,ASKPRICE,TIMESTAMP) values ('IN064',99.51,99.52,to_timestamp('25-AUG-25 08.00.00.000000000 PM','DD-MON-RR HH.MI.SSXFF AM'));
Insert into PRICES (INSTRUMENTID,BIDPRICE,ASKPRICE,TIMESTAMP) values ('IN065',99.67,99.68,to_timestamp('25-AUG-25 08.00.00.000000000 PM','DD-MON-RR HH.MI.SSXFF AM'));
Insert into PRICES (INSTRUMENTID,BIDPRICE,ASKPRICE,TIMESTAMP) values ('IN066',99.63,99.64,to_timestamp('25-AUG-25 08.00.00.000000000 PM','DD-MON-RR HH.MI.SSXFF AM'));
Insert into PRICES (INSTRUMENTID,BIDPRICE,ASKPRICE,TIMESTAMP) values ('IN067',99.8,99.81,to_timestamp('25-AUG-25 08.00.00.000000000 PM','DD-MON-RR HH.MI.SSXFF AM'));
Insert into PRICES (INSTRUMENTID,BIDPRICE,ASKPRICE,TIMESTAMP) values ('IN068',99.91,99.92,to_timestamp('25-AUG-25 08.00.00.000000000 PM','DD-MON-RR HH.MI.SSXFF AM'));
Insert into PRICES (INSTRUMENTID,BIDPRICE,ASKPRICE,TIMESTAMP) values ('IN069',99.97,99.98,to_timestamp('25-AUG-25 08.00.00.000000000 PM','DD-MON-RR HH.MI.SSXFF AM'));
Insert into PRICES (INSTRUMENTID,BIDPRICE,ASKPRICE,TIMESTAMP) values ('IN070',99.96,99.97,to_timestamp('25-AUG-25 08.00.00.000000000 PM','DD-MON-RR HH.MI.SSXFF AM'));
Insert into PRICES (INSTRUMENTID,BIDPRICE,ASKPRICE,TIMESTAMP) values ('IN071',99.99,100,to_timestamp('25-AUG-25 08.00.00.000000000 PM','DD-MON-RR HH.MI.SSXFF AM'));
Insert into PRICES (INSTRUMENTID,BIDPRICE,ASKPRICE,TIMESTAMP) values ('IN072',100.01,100.02,to_timestamp('25-AUG-25 08.00.00.000000000 PM','DD-MON-RR HH.MI.SSXFF AM'));
Insert into PRICES (INSTRUMENTID,BIDPRICE,ASKPRICE,TIMESTAMP) values ('IN073',100.02,100.03,to_timestamp('25-AUG-25 08.00.00.000000000 PM','DD-MON-RR HH.MI.SSXFF AM'));
Insert into PRICES (INSTRUMENTID,BIDPRICE,ASKPRICE,TIMESTAMP) values ('IN074',99.25,99.26,to_timestamp('25-AUG-25 08.00.00.000000000 PM','DD-MON-RR HH.MI.SSXFF AM'));
Insert into PRICES (INSTRUMENTID,BIDPRICE,ASKPRICE,TIMESTAMP) values ('IN075',100.03,100.04,to_timestamp('25-AUG-25 08.00.00.000000000 PM','DD-MON-RR HH.MI.SSXFF AM'));
Insert into PRICES (INSTRUMENTID,BIDPRICE,ASKPRICE,TIMESTAMP) values ('IN076',100,100,to_timestamp('25-AUG-25 08.00.00.000000000 PM','DD-MON-RR HH.MI.SSXFF AM'));
Insert into PRICES (INSTRUMENTID,BIDPRICE,ASKPRICE,TIMESTAMP) values ('IN077',100,100,to_timestamp('25-AUG-25 08.00.00.000000000 PM','DD-MON-RR HH.MI.SSXFF AM'));
Insert into PRICES (INSTRUMENTID,BIDPRICE,ASKPRICE,TIMESTAMP) values ('IN078',100,100,to_timestamp('25-AUG-25 08.00.00.000000000 PM','DD-MON-RR HH.MI.SSXFF AM'));
Insert into PRICES (INSTRUMENTID,BIDPRICE,ASKPRICE,TIMESTAMP) values ('IN079',100,100,to_timestamp('25-AUG-25 08.00.00.000000000 PM','DD-MON-RR HH.MI.SSXFF AM'));
Insert into PRICES (INSTRUMENTID,BIDPRICE,ASKPRICE,TIMESTAMP) values ('IN080',100,100,to_timestamp('25-AUG-25 08.00.00.000000000 PM','DD-MON-RR HH.MI.SSXFF AM'));
Insert into PRICES (INSTRUMENTID,BIDPRICE,ASKPRICE,TIMESTAMP) values ('IN081',100,100,to_timestamp('25-AUG-25 08.00.00.000000000 PM','DD-MON-RR HH.MI.SSXFF AM'));
Insert into PRICES (INSTRUMENTID,BIDPRICE,ASKPRICE,TIMESTAMP) values ('IN082',100,100,to_timestamp('25-AUG-25 08.00.00.000000000 PM','DD-MON-RR HH.MI.SSXFF AM'));
Insert into PRICES (INSTRUMENTID,BIDPRICE,ASKPRICE,TIMESTAMP) values ('IN083',100,100,to_timestamp('25-AUG-25 08.00.00.000000000 PM','DD-MON-RR HH.MI.SSXFF AM'));
Insert into PRICES (INSTRUMENTID,BIDPRICE,ASKPRICE,TIMESTAMP) values ('IN084',100,100,to_timestamp('25-AUG-25 08.00.00.000000000 PM','DD-MON-RR HH.MI.SSXFF AM'));
Insert into PRICES (INSTRUMENTID,BIDPRICE,ASKPRICE,TIMESTAMP) values ('IN085',100,100,to_timestamp('25-AUG-25 08.00.00.000000000 PM','DD-MON-RR HH.MI.SSXFF AM'));
Insert into PRICES (INSTRUMENTID,BIDPRICE,ASKPRICE,TIMESTAMP) values ('IN086',100,100,to_timestamp('25-AUG-25 08.00.00.000000000 PM','DD-MON-RR HH.MI.SSXFF AM'));
Insert into PRICES (INSTRUMENTID,BIDPRICE,ASKPRICE,TIMESTAMP) values ('IN087',100,100,to_timestamp('25-AUG-25 08.00.00.000000000 PM','DD-MON-RR HH.MI.SSXFF AM'));
Insert into PRICES (INSTRUMENTID,BIDPRICE,ASKPRICE,TIMESTAMP) values ('IN088',100,100,to_timestamp('25-AUG-25 08.00.00.000000000 PM','DD-MON-RR HH.MI.SSXFF AM'));
Insert into PRICES (INSTRUMENTID,BIDPRICE,ASKPRICE,TIMESTAMP) values ('IN089',100,100,to_timestamp('25-AUG-25 08.00.00.000000000 PM','DD-MON-RR HH.MI.SSXFF AM'));
Insert into PRICES (INSTRUMENTID,BIDPRICE,ASKPRICE,TIMESTAMP) values ('IN090',100,100,to_timestamp('25-AUG-25 08.00.00.000000000 PM','DD-MON-RR HH.MI.SSXFF AM'));
Insert into PRICES (INSTRUMENTID,BIDPRICE,ASKPRICE,TIMESTAMP) values ('IN091',100,100,to_timestamp('25-AUG-25 08.00.00.000000000 PM','DD-MON-RR HH.MI.SSXFF AM'));
Insert into PRICES (INSTRUMENTID,BIDPRICE,ASKPRICE,TIMESTAMP) values ('IN092',100,100,to_timestamp('25-AUG-25 08.00.00.000000000 PM','DD-MON-RR HH.MI.SSXFF AM'));
Insert into PRICES (INSTRUMENTID,BIDPRICE,ASKPRICE,TIMESTAMP) values ('IN093',100,100,to_timestamp('25-AUG-25 08.00.00.000000000 PM','DD-MON-RR HH.MI.SSXFF AM'));
Insert into PRICES (INSTRUMENTID,BIDPRICE,ASKPRICE,TIMESTAMP) values ('IN094',100,100,to_timestamp('25-AUG-25 08.00.00.000000000 PM','DD-MON-RR HH.MI.SSXFF AM'));
Insert into PRICES (INSTRUMENTID,BIDPRICE,ASKPRICE,TIMESTAMP) values ('IN095',100,100,to_timestamp('25-AUG-25 08.00.00.000000000 PM','DD-MON-RR HH.MI.SSXFF AM'));
Insert into PRICES (INSTRUMENTID,BIDPRICE,ASKPRICE,TIMESTAMP) values ('IN096',100,100,to_timestamp('25-AUG-25 08.00.00.000000000 PM','DD-MON-RR HH.MI.SSXFF AM'));
Insert into PRICES (INSTRUMENTID,BIDPRICE,ASKPRICE,TIMESTAMP) values ('IN097',100,100,to_timestamp('25-AUG-25 08.00.00.000000000 PM','DD-MON-RR HH.MI.SSXFF AM'));
Insert into PRICES (INSTRUMENTID,BIDPRICE,ASKPRICE,TIMESTAMP) values ('IN098',100,100,to_timestamp('25-AUG-25 08.00.00.000000000 PM','DD-MON-RR HH.MI.SSXFF AM'));
Insert into PRICES (INSTRUMENTID,BIDPRICE,ASKPRICE,TIMESTAMP) values ('IN099',100,100,to_timestamp('25-AUG-25 08.00.00.000000000 PM','DD-MON-RR HH.MI.SSXFF AM'));
Insert into PRICES (INSTRUMENTID,BIDPRICE,ASKPRICE,TIMESTAMP) values ('IN100',100,100,to_timestamp('25-AUG-25 08.00.00.000000000 PM','DD-MON-RR HH.MI.SSXFF AM'));
Insert into PRICES (INSTRUMENTID,BIDPRICE,ASKPRICE,TIMESTAMP) values ('IN001',501.45,501.7,to_timestamp('26-AUG-25 08.00.00.000000000 PM','DD-MON-RR HH.MI.SSXFF AM'));
Insert into PRICES (INSTRUMENTID,BIDPRICE,ASKPRICE,TIMESTAMP) values ('IN002',235.21,235.33,to_timestamp('26-AUG-25 08.00.00.000000000 PM','DD-MON-RR HH.MI.SSXFF AM'));
Insert into PRICES (INSTRUMENTID,BIDPRICE,ASKPRICE,TIMESTAMP) values ('IN003',177.83,177.92,to_timestamp('26-AUG-25 08.00.00.000000000 PM','DD-MON-RR HH.MI.SSXFF AM'));
Insert into PRICES (INSTRUMENTID,BIDPRICE,ASKPRICE,TIMESTAMP) values ('IN004',227.11,227.22,to_timestamp('26-AUG-25 08.00.00.000000000 PM','DD-MON-RR HH.MI.SSXFF AM'));
Insert into PRICES (INSTRUMENTID,BIDPRICE,ASKPRICE,TIMESTAMP) values ('IN005',215.34,215.45,to_timestamp('26-AUG-25 08.00.00.000000000 PM','DD-MON-RR HH.MI.SSXFF AM'));
Insert into PRICES (INSTRUMENTID,BIDPRICE,ASKPRICE,TIMESTAMP) values ('IN006',740.12,740.49,to_timestamp('26-AUG-25 08.00.00.000000000 PM','DD-MON-RR HH.MI.SSXFF AM'));
Insert into PRICES (INSTRUMENTID,BIDPRICE,ASKPRICE,TIMESTAMP) values ('IN007',216.03,216.14,to_timestamp('26-AUG-25 08.00.00.000000000 PM','DD-MON-RR HH.MI.SSXFF AM'));
Insert into PRICES (INSTRUMENTID,BIDPRICE,ASKPRICE,TIMESTAMP) values ('IN008',503.81,504.06,to_timestamp('26-AUG-25 08.00.00.000000000 PM','DD-MON-RR HH.MI.SSXFF AM'));
Insert into PRICES (INSTRUMENTID,BIDPRICE,ASKPRICE,TIMESTAMP) values ('IN009',725.11,725.47,to_timestamp('26-AUG-25 08.00.00.000000000 PM','DD-MON-RR HH.MI.SSXFF AM'));
Insert into PRICES (INSTRUMENTID,BIDPRICE,ASKPRICE,TIMESTAMP) values ('IN010',309.43,309.58,to_timestamp('26-AUG-25 08.00.00.000000000 PM','DD-MON-RR HH.MI.SSXFF AM'));
Insert into PRICES (INSTRUMENTID,BIDPRICE,ASKPRICE,TIMESTAMP) values ('IN011',342.11,342.28,to_timestamp('26-AUG-25 08.00.00.000000000 PM','DD-MON-RR HH.MI.SSXFF AM'));
Insert into PRICES (INSTRUMENTID,BIDPRICE,ASKPRICE,TIMESTAMP) values ('IN012',302.4,302.55,to_timestamp('26-AUG-25 08.00.00.000000000 PM','DD-MON-RR HH.MI.SSXFF AM'));
Insert into PRICES (INSTRUMENTID,BIDPRICE,ASKPRICE,TIMESTAMP) values ('IN013',351.62,351.8,to_timestamp('26-AUG-25 08.00.00.000000000 PM','DD-MON-RR HH.MI.SSXFF AM'));
Insert into PRICES (INSTRUMENTID,BIDPRICE,ASKPRICE,TIMESTAMP) values ('IN014',113.01,113.07,to_timestamp('26-AUG-25 08.00.00.000000000 PM','DD-MON-RR HH.MI.SSXFF AM'));
Insert into PRICES (INSTRUMENTID,BIDPRICE,ASKPRICE,TIMESTAMP) values ('IN015',97.11,97.16,to_timestamp('26-AUG-25 08.00.00.000000000 PM','DD-MON-RR HH.MI.SSXFF AM'));
Insert into PRICES (INSTRUMENTID,BIDPRICE,ASKPRICE,TIMESTAMP) values ('IN016',303.18,303.33,to_timestamp('26-AUG-25 08.00.00.000000000 PM','DD-MON-RR HH.MI.SSXFF AM'));
Insert into PRICES (INSTRUMENTID,BIDPRICE,ASKPRICE,TIMESTAMP) values ('IN017',594.21,594.51,to_timestamp('26-AUG-25 08.00.00.000000000 PM','DD-MON-RR HH.MI.SSXFF AM'));
Insert into PRICES (INSTRUMENTID,BIDPRICE,ASKPRICE,TIMESTAMP) values ('IN018',175.54,175.63,to_timestamp('26-AUG-25 08.00.00.000000000 PM','DD-MON-RR HH.MI.SSXFF AM'));
Insert into PRICES (INSTRUMENTID,BIDPRICE,ASKPRICE,TIMESTAMP) values ('IN019',157.11,157.19,to_timestamp('26-AUG-25 08.00.00.000000000 PM','DD-MON-RR HH.MI.SSXFF AM'));
Insert into PRICES (INSTRUMENTID,BIDPRICE,ASKPRICE,TIMESTAMP) values ('IN020',403.21,403.41,to_timestamp('26-AUG-25 08.00.00.000000000 PM','DD-MON-RR HH.MI.SSXFF AM'));
Insert into PRICES (INSTRUMENTID,BIDPRICE,ASKPRICE,TIMESTAMP) values ('IN021',951.34,951.82,to_timestamp('26-AUG-25 08.00.00.000000000 PM','DD-MON-RR HH.MI.SSXFF AM'));
Insert into PRICES (INSTRUMENTID,BIDPRICE,ASKPRICE,TIMESTAMP) values ('IN022',84.21,84.25,to_timestamp('26-AUG-25 08.00.00.000000000 PM','DD-MON-RR HH.MI.SSXFF AM'));
Insert into PRICES (INSTRUMENTID,BIDPRICE,ASKPRICE,TIMESTAMP) values ('IN023',210.43,210.54,to_timestamp('26-AUG-25 08.00.00.000000000 PM','DD-MON-RR HH.MI.SSXFF AM'));
Insert into PRICES (INSTRUMENTID,BIDPRICE,ASKPRICE,TIMESTAMP) values ('IN024',160.21,160.29,to_timestamp('26-AUG-25 08.00.00.000000000 PM','DD-MON-RR HH.MI.SSXFF AM'));
Insert into PRICES (INSTRUMENTID,BIDPRICE,ASKPRICE,TIMESTAMP) values ('IN025',256.11,256.24,to_timestamp('26-AUG-25 08.00.00.000000000 PM','DD-MON-RR HH.MI.SSXFF AM'));
Insert into PRICES (INSTRUMENTID,BIDPRICE,ASKPRICE,TIMESTAMP) values ('IN026',50.82,50.85,to_timestamp('26-AUG-25 08.00.00.000000000 PM','DD-MON-RR HH.MI.SSXFF AM'));
Insert into PRICES (INSTRUMENTID,BIDPRICE,ASKPRICE,TIMESTAMP) values ('IN027',1201.11,1201.71,to_timestamp('26-AUG-25 08.00.00.000000000 PM','DD-MON-RR HH.MI.SSXFF AM'));
Insert into PRICES (INSTRUMENTID,BIDPRICE,ASKPRICE,TIMESTAMP) values ('IN028',167.21,167.29,to_timestamp('26-AUG-25 08.00.00.000000000 PM','DD-MON-RR HH.MI.SSXFF AM'));
Insert into PRICES (INSTRUMENTID,BIDPRICE,ASKPRICE,TIMESTAMP) values ('IN029',68.21,68.24,to_timestamp('26-AUG-25 08.00.00.000000000 PM','DD-MON-RR HH.MI.SSXFF AM'));
Insert into PRICES (INSTRUMENTID,BIDPRICE,ASKPRICE,TIMESTAMP) values ('IN030',148.88,148.95,to_timestamp('26-AUG-25 08.00.00.000000000 PM','DD-MON-RR HH.MI.SSXFF AM'));
Insert into PRICES (INSTRUMENTID,BIDPRICE,ASKPRICE,TIMESTAMP) values ('IN031',482.32,482.56,to_timestamp('26-AUG-25 08.00.00.000000000 PM','DD-MON-RR HH.MI.SSXFF AM'));
Insert into PRICES (INSTRUMENTID,BIDPRICE,ASKPRICE,TIMESTAMP) values ('IN032',82.43,82.47,to_timestamp('26-AUG-25 08.00.00.000000000 PM','DD-MON-RR HH.MI.SSXFF AM'));
Insert into PRICES (INSTRUMENTID,BIDPRICE,ASKPRICE,TIMESTAMP) values ('IN033',493.11,493.36,to_timestamp('26-AUG-25 08.00.00.000000000 PM','DD-MON-RR HH.MI.SSXFF AM'));
Insert into PRICES (INSTRUMENTID,BIDPRICE,ASKPRICE,TIMESTAMP) values ('IN034',311.23,311.39,to_timestamp('26-AUG-25 08.00.00.000000000 PM','DD-MON-RR HH.MI.SSXFF AM'));
Insert into PRICES (INSTRUMENTID,BIDPRICE,ASKPRICE,TIMESTAMP) values ('IN035',118.76,118.82,to_timestamp('26-AUG-25 08.00.00.000000000 PM','DD-MON-RR HH.MI.SSXFF AM'));
Insert into PRICES (INSTRUMENTID,BIDPRICE,ASKPRICE,TIMESTAMP) values ('IN036',131.11,131.18,to_timestamp('26-AUG-25 08.00.00.000000000 PM','DD-MON-RR HH.MI.SSXFF AM'));
Insert into PRICES (INSTRUMENTID,BIDPRICE,ASKPRICE,TIMESTAMP) values ('IN037',259.98,260.11,to_timestamp('26-AUG-25 08.00.00.000000000 PM','DD-MON-RR HH.MI.SSXFF AM'));
Insert into PRICES (INSTRUMENTID,BIDPRICE,ASKPRICE,TIMESTAMP) values ('IN038',69.54,69.57,to_timestamp('26-AUG-25 08.00.00.000000000 PM','DD-MON-RR HH.MI.SSXFF AM'));
Insert into PRICES (INSTRUMENTID,BIDPRICE,ASKPRICE,TIMESTAMP) values ('IN039',241.34,241.46,to_timestamp('26-AUG-25 08.00.00.000000000 PM','DD-MON-RR HH.MI.SSXFF AM'));
Insert into PRICES (INSTRUMENTID,BIDPRICE,ASKPRICE,TIMESTAMP) values ('IN040',45.51,45.53,to_timestamp('26-AUG-25 08.00.00.000000000 PM','DD-MON-RR HH.MI.SSXFF AM'));
Insert into PRICES (INSTRUMENTID,BIDPRICE,ASKPRICE,TIMESTAMP) values ('IN041',99,99.02,to_timestamp('26-AUG-25 08.00.00.000000000 PM','DD-MON-RR HH.MI.SSXFF AM'));
Insert into PRICES (INSTRUMENTID,BIDPRICE,ASKPRICE,TIMESTAMP) values ('IN042',99.97,99.98,to_timestamp('26-AUG-25 08.00.00.000000000 PM','DD-MON-RR HH.MI.SSXFF AM'));
Insert into PRICES (INSTRUMENTID,BIDPRICE,ASKPRICE,TIMESTAMP) values ('IN043',99.95,99.96,to_timestamp('26-AUG-25 08.00.00.000000000 PM','DD-MON-RR HH.MI.SSXFF AM'));
Insert into PRICES (INSTRUMENTID,BIDPRICE,ASKPRICE,TIMESTAMP) values ('IN044',99.71,99.72,to_timestamp('26-AUG-25 08.00.00.000000000 PM','DD-MON-RR HH.MI.SSXFF AM'));
Insert into PRICES (INSTRUMENTID,BIDPRICE,ASKPRICE,TIMESTAMP) values ('IN045',99.56,99.57,to_timestamp('26-AUG-25 08.00.00.000000000 PM','DD-MON-RR HH.MI.SSXFF AM'));
Insert into PRICES (INSTRUMENTID,BIDPRICE,ASKPRICE,TIMESTAMP) values ('IN046',99.98,99.99,to_timestamp('26-AUG-25 08.00.00.000000000 PM','DD-MON-RR HH.MI.SSXFF AM'));
Insert into PRICES (INSTRUMENTID,BIDPRICE,ASKPRICE,TIMESTAMP) values ('IN047',99.94,99.95,to_timestamp('26-AUG-25 08.00.00.000000000 PM','DD-MON-RR HH.MI.SSXFF AM'));
Insert into PRICES (INSTRUMENTID,BIDPRICE,ASKPRICE,TIMESTAMP) values ('IN048',96.41,96.42,to_timestamp('26-AUG-25 08.00.00.000000000 PM','DD-MON-RR HH.MI.SSXFF AM'));
Insert into PRICES (INSTRUMENTID,BIDPRICE,ASKPRICE,TIMESTAMP) values ('IN049',96.69,96.7,to_timestamp('26-AUG-25 08.00.00.000000000 PM','DD-MON-RR HH.MI.SSXFF AM'));
Insert into PRICES (INSTRUMENTID,BIDPRICE,ASKPRICE,TIMESTAMP) values ('IN050',96.98,96.99,to_timestamp('26-AUG-25 08.00.00.000000000 PM','DD-MON-RR HH.MI.SSXFF AM'));
Insert into PRICES (INSTRUMENTID,BIDPRICE,ASKPRICE,TIMESTAMP) values ('IN051',97.26,97.27,to_timestamp('26-AUG-25 08.00.00.000000000 PM','DD-MON-RR HH.MI.SSXFF AM'));
Insert into PRICES (INSTRUMENTID,BIDPRICE,ASKPRICE,TIMESTAMP) values ('IN052',97.53,97.54,to_timestamp('26-AUG-25 08.00.00.000000000 PM','DD-MON-RR HH.MI.SSXFF AM'));
Insert into PRICES (INSTRUMENTID,BIDPRICE,ASKPRICE,TIMESTAMP) values ('IN053',97.81,97.82,to_timestamp('26-AUG-25 08.00.00.000000000 PM','DD-MON-RR HH.MI.SSXFF AM'));
Insert into PRICES (INSTRUMENTID,BIDPRICE,ASKPRICE,TIMESTAMP) values ('IN054',98.03,98.04,to_timestamp('26-AUG-25 08.00.00.000000000 PM','DD-MON-RR HH.MI.SSXFF AM'));
Insert into PRICES (INSTRUMENTID,BIDPRICE,ASKPRICE,TIMESTAMP) values ('IN055',98.06,98.07,to_timestamp('26-AUG-25 08.00.00.000000000 PM','DD-MON-RR HH.MI.SSXFF AM'));
Insert into PRICES (INSTRUMENTID,BIDPRICE,ASKPRICE,TIMESTAMP) values ('IN056',98.29,98.3,to_timestamp('26-AUG-25 08.00.00.000000000 PM','DD-MON-RR HH.MI.SSXFF AM'));
Insert into PRICES (INSTRUMENTID,BIDPRICE,ASKPRICE,TIMESTAMP) values ('IN057',98.51,98.52,to_timestamp('26-AUG-25 08.00.00.000000000 PM','DD-MON-RR HH.MI.SSXFF AM'));
Insert into PRICES (INSTRUMENTID,BIDPRICE,ASKPRICE,TIMESTAMP) values ('IN058',98.68,98.69,to_timestamp('26-AUG-25 08.00.00.000000000 PM','DD-MON-RR HH.MI.SSXFF AM'));
Insert into PRICES (INSTRUMENTID,BIDPRICE,ASKPRICE,TIMESTAMP) values ('IN059',98.72,98.73,to_timestamp('26-AUG-25 08.00.00.000000000 PM','DD-MON-RR HH.MI.SSXFF AM'));
Insert into PRICES (INSTRUMENTID,BIDPRICE,ASKPRICE,TIMESTAMP) values ('IN060',98.96,98.97,to_timestamp('26-AUG-25 08.00.00.000000000 PM','DD-MON-RR HH.MI.SSXFF AM'));
Insert into PRICES (INSTRUMENTID,BIDPRICE,ASKPRICE,TIMESTAMP) values ('IN061',99.09,99.1,to_timestamp('26-AUG-25 08.00.00.000000000 PM','DD-MON-RR HH.MI.SSXFF AM'));
Insert into PRICES (INSTRUMENTID,BIDPRICE,ASKPRICE,TIMESTAMP) values ('IN062',99.25,99.26,to_timestamp('26-AUG-25 08.00.00.000000000 PM','DD-MON-RR HH.MI.SSXFF AM'));
Insert into PRICES (INSTRUMENTID,BIDPRICE,ASKPRICE,TIMESTAMP) values ('IN063',99.37,99.38,to_timestamp('26-AUG-25 08.00.00.000000000 PM','DD-MON-RR HH.MI.SSXFF AM'));
Insert into PRICES (INSTRUMENTID,BIDPRICE,ASKPRICE,TIMESTAMP) values ('IN064',99.52,99.53,to_timestamp('26-AUG-25 08.00.00.000000000 PM','DD-MON-RR HH.MI.SSXFF AM'));
Insert into PRICES (INSTRUMENTID,BIDPRICE,ASKPRICE,TIMESTAMP) values ('IN065',99.68,99.69,to_timestamp('26-AUG-25 08.00.00.000000000 PM','DD-MON-RR HH.MI.SSXFF AM'));
Insert into PRICES (INSTRUMENTID,BIDPRICE,ASKPRICE,TIMESTAMP) values ('IN066',99.64,99.65,to_timestamp('26-AUG-25 08.00.00.000000000 PM','DD-MON-RR HH.MI.SSXFF AM'));
Insert into PRICES (INSTRUMENTID,BIDPRICE,ASKPRICE,TIMESTAMP) values ('IN067',99.81,99.82,to_timestamp('26-AUG-25 08.00.00.000000000 PM','DD-MON-RR HH.MI.SSXFF AM'));
Insert into PRICES (INSTRUMENTID,BIDPRICE,ASKPRICE,TIMESTAMP) values ('IN068',99.92,99.93,to_timestamp('26-AUG-25 08.00.00.000000000 PM','DD-MON-RR HH.MI.SSXFF AM'));
Insert into PRICES (INSTRUMENTID,BIDPRICE,ASKPRICE,TIMESTAMP) values ('IN069',99.98,99.99,to_timestamp('26-AUG-25 08.00.00.000000000 PM','DD-MON-RR HH.MI.SSXFF AM'));
Insert into PRICES (INSTRUMENTID,BIDPRICE,ASKPRICE,TIMESTAMP) values ('IN070',99.97,99.98,to_timestamp('26-AUG-25 08.00.00.000000000 PM','DD-MON-RR HH.MI.SSXFF AM'));
Insert into PRICES (INSTRUMENTID,BIDPRICE,ASKPRICE,TIMESTAMP) values ('IN071',100,100.01,to_timestamp('26-AUG-25 08.00.00.000000000 PM','DD-MON-RR HH.MI.SSXFF AM'));
Insert into PRICES (INSTRUMENTID,BIDPRICE,ASKPRICE,TIMESTAMP) values ('IN072',100.02,100.03,to_timestamp('26-AUG-25 08.00.00.000000000 PM','DD-MON-RR HH.MI.SSXFF AM'));
Insert into PRICES (INSTRUMENTID,BIDPRICE,ASKPRICE,TIMESTAMP) values ('IN073',100.03,100.04,to_timestamp('26-AUG-25 08.00.00.000000000 PM','DD-MON-RR HH.MI.SSXFF AM'));
Insert into PRICES (INSTRUMENTID,BIDPRICE,ASKPRICE,TIMESTAMP) values ('IN074',99.26,99.27,to_timestamp('26-AUG-25 08.00.00.000000000 PM','DD-MON-RR HH.MI.SSXFF AM'));
Insert into PRICES (INSTRUMENTID,BIDPRICE,ASKPRICE,TIMESTAMP) values ('IN075',100.04,100.05,to_timestamp('26-AUG-25 08.00.00.000000000 PM','DD-MON-RR HH.MI.SSXFF AM'));
Insert into PRICES (INSTRUMENTID,BIDPRICE,ASKPRICE,TIMESTAMP) values ('IN076',100,100,to_timestamp('26-AUG-25 08.00.00.000000000 PM','DD-MON-RR HH.MI.SSXFF AM'));
Insert into PRICES (INSTRUMENTID,BIDPRICE,ASKPRICE,TIMESTAMP) values ('IN077',100,100,to_timestamp('26-AUG-25 08.00.00.000000000 PM','DD-MON-RR HH.MI.SSXFF AM'));
Insert into PRICES (INSTRUMENTID,BIDPRICE,ASKPRICE,TIMESTAMP) values ('IN078',100,100,to_timestamp('26-AUG-25 08.00.00.000000000 PM','DD-MON-RR HH.MI.SSXFF AM'));
Insert into PRICES (INSTRUMENTID,BIDPRICE,ASKPRICE,TIMESTAMP) values ('IN079',100,100,to_timestamp('26-AUG-25 08.00.00.000000000 PM','DD-MON-RR HH.MI.SSXFF AM'));
Insert into PRICES (INSTRUMENTID,BIDPRICE,ASKPRICE,TIMESTAMP) values ('IN080',100,100,to_timestamp('26-AUG-25 08.00.00.000000000 PM','DD-MON-RR HH.MI.SSXFF AM'));
Insert into PRICES (INSTRUMENTID,BIDPRICE,ASKPRICE,TIMESTAMP) values ('IN081',100,100,to_timestamp('26-AUG-25 08.00.00.000000000 PM','DD-MON-RR HH.MI.SSXFF AM'));
Insert into PRICES (INSTRUMENTID,BIDPRICE,ASKPRICE,TIMESTAMP) values ('IN082',100,100,to_timestamp('26-AUG-25 08.00.00.000000000 PM','DD-MON-RR HH.MI.SSXFF AM'));
Insert into PRICES (INSTRUMENTID,BIDPRICE,ASKPRICE,TIMESTAMP) values ('IN083',100,100,to_timestamp('26-AUG-25 08.00.00.000000000 PM','DD-MON-RR HH.MI.SSXFF AM'));
Insert into PRICES (INSTRUMENTID,BIDPRICE,ASKPRICE,TIMESTAMP) values ('IN084',100,100,to_timestamp('26-AUG-25 08.00.00.000000000 PM','DD-MON-RR HH.MI.SSXFF AM'));
Insert into PRICES (INSTRUMENTID,BIDPRICE,ASKPRICE,TIMESTAMP) values ('IN085',100,100,to_timestamp('26-AUG-25 08.00.00.000000000 PM','DD-MON-RR HH.MI.SSXFF AM'));
Insert into PRICES (INSTRUMENTID,BIDPRICE,ASKPRICE,TIMESTAMP) values ('IN086',100,100,to_timestamp('26-AUG-25 08.00.00.000000000 PM','DD-MON-RR HH.MI.SSXFF AM'));
Insert into PRICES (INSTRUMENTID,BIDPRICE,ASKPRICE,TIMESTAMP) values ('IN087',100,100,to_timestamp('26-AUG-25 08.00.00.000000000 PM','DD-MON-RR HH.MI.SSXFF AM'));
Insert into PRICES (INSTRUMENTID,BIDPRICE,ASKPRICE,TIMESTAMP) values ('IN088',100,100,to_timestamp('26-AUG-25 08.00.00.000000000 PM','DD-MON-RR HH.MI.SSXFF AM'));
Insert into PRICES (INSTRUMENTID,BIDPRICE,ASKPRICE,TIMESTAMP) values ('IN089',100,100,to_timestamp('26-AUG-25 08.00.00.000000000 PM','DD-MON-RR HH.MI.SSXFF AM'));
Insert into PRICES (INSTRUMENTID,BIDPRICE,ASKPRICE,TIMESTAMP) values ('IN090',100,100,to_timestamp('26-AUG-25 08.00.00.000000000 PM','DD-MON-RR HH.MI.SSXFF AM'));
Insert into PRICES (INSTRUMENTID,BIDPRICE,ASKPRICE,TIMESTAMP) values ('IN091',100,100,to_timestamp('26-AUG-25 08.00.00.000000000 PM','DD-MON-RR HH.MI.SSXFF AM'));
Insert into PRICES (INSTRUMENTID,BIDPRICE,ASKPRICE,TIMESTAMP) values ('IN092',100,100,to_timestamp('26-AUG-25 08.00.00.000000000 PM','DD-MON-RR HH.MI.SSXFF AM'));
Insert into PRICES (INSTRUMENTID,BIDPRICE,ASKPRICE,TIMESTAMP) values ('IN093',100,100,to_timestamp('26-AUG-25 08.00.00.000000000 PM','DD-MON-RR HH.MI.SSXFF AM'));
Insert into PRICES (INSTRUMENTID,BIDPRICE,ASKPRICE,TIMESTAMP) values ('IN094',100,100,to_timestamp('26-AUG-25 08.00.00.000000000 PM','DD-MON-RR HH.MI.SSXFF AM'));
Insert into PRICES (INSTRUMENTID,BIDPRICE,ASKPRICE,TIMESTAMP) values ('IN095',100,100,to_timestamp('26-AUG-25 08.00.00.000000000 PM','DD-MON-RR HH.MI.SSXFF AM'));
Insert into PRICES (INSTRUMENTID,BIDPRICE,ASKPRICE,TIMESTAMP) values ('IN096',100,100,to_timestamp('26-AUG-25 08.00.00.000000000 PM','DD-MON-RR HH.MI.SSXFF AM'));
Insert into PRICES (INSTRUMENTID,BIDPRICE,ASKPRICE,TIMESTAMP) values ('IN097',100,100,to_timestamp('26-AUG-25 08.00.00.000000000 PM','DD-MON-RR HH.MI.SSXFF AM'));
Insert into PRICES (INSTRUMENTID,BIDPRICE,ASKPRICE,TIMESTAMP) values ('IN098',100,100,to_timestamp('26-AUG-25 08.00.00.000000000 PM','DD-MON-RR HH.MI.SSXFF AM'));
Insert into PRICES (INSTRUMENTID,BIDPRICE,ASKPRICE,TIMESTAMP) values ('IN099',100,100,to_timestamp('26-AUG-25 08.00.00.000000000 PM','DD-MON-RR HH.MI.SSXFF AM'));
Insert into PRICES (INSTRUMENTID,BIDPRICE,ASKPRICE,TIMESTAMP) values ('IN100',100,100,to_timestamp('26-AUG-25 08.00.00.000000000 PM','DD-MON-RR HH.MI.SSXFF AM'));
Insert into PRICES (INSTRUMENTID,BIDPRICE,ASKPRICE,TIMESTAMP) values ('IN001',508.47,508.72,to_timestamp('27-AUG-25 08.00.00.000000000 PM','DD-MON-RR HH.MI.SSXFF AM'));
Insert into PRICES (INSTRUMENTID,BIDPRICE,ASKPRICE,TIMESTAMP) values ('IN002',236.11,236.23,to_timestamp('27-AUG-25 08.00.00.000000000 PM','DD-MON-RR HH.MI.SSXFF AM'));
Insert into PRICES (INSTRUMENTID,BIDPRICE,ASKPRICE,TIMESTAMP) values ('IN003',175.34,175.43,to_timestamp('27-AUG-25 08.00.00.000000000 PM','DD-MON-RR HH.MI.SSXFF AM'));
Insert into PRICES (INSTRUMENTID,BIDPRICE,ASKPRICE,TIMESTAMP) values ('IN004',229.87,229.98,to_timestamp('27-AUG-25 08.00.00.000000000 PM','DD-MON-RR HH.MI.SSXFF AM'));
Insert into PRICES (INSTRUMENTID,BIDPRICE,ASKPRICE,TIMESTAMP) values ('IN005',214.11,214.22,to_timestamp('27-AUG-25 08.00.00.000000000 PM','DD-MON-RR HH.MI.SSXFF AM'));
Insert into PRICES (INSTRUMENTID,BIDPRICE,ASKPRICE,TIMESTAMP) values ('IN006',745.32,745.69,to_timestamp('27-AUG-25 08.00.00.000000000 PM','DD-MON-RR HH.MI.SSXFF AM'));
Insert into PRICES (INSTRUMENTID,BIDPRICE,ASKPRICE,TIMESTAMP) values ('IN007',217.23,217.34,to_timestamp('27-AUG-25 08.00.00.000000000 PM','DD-MON-RR HH.MI.SSXFF AM'));
Insert into PRICES (INSTRUMENTID,BIDPRICE,ASKPRICE,TIMESTAMP) values ('IN008',501.21,501.46,to_timestamp('27-AUG-25 08.00.00.000000000 PM','DD-MON-RR HH.MI.SSXFF AM'));
Insert into PRICES (INSTRUMENTID,BIDPRICE,ASKPRICE,TIMESTAMP) values ('IN009',728.34,728.7,to_timestamp('27-AUG-25 08.00.00.000000000 PM','DD-MON-RR HH.MI.SSXFF AM'));
Insert into PRICES (INSTRUMENTID,BIDPRICE,ASKPRICE,TIMESTAMP) values ('IN010',308.11,308.26,to_timestamp('27-AUG-25 08.00.00.000000000 PM','DD-MON-RR HH.MI.SSXFF AM'));
Insert into PRICES (INSTRUMENTID,BIDPRICE,ASKPRICE,TIMESTAMP) values ('IN011',339.87,340.04,to_timestamp('27-AUG-25 08.00.00.000000000 PM','DD-MON-RR HH.MI.SSXFF AM'));
Insert into PRICES (INSTRUMENTID,BIDPRICE,ASKPRICE,TIMESTAMP) values ('IN012',304.11,304.26,to_timestamp('27-AUG-25 08.00.00.000000000 PM','DD-MON-RR HH.MI.SSXFF AM'));
Insert into PRICES (INSTRUMENTID,BIDPRICE,ASKPRICE,TIMESTAMP) values ('IN013',353.23,353.41,to_timestamp('27-AUG-25 08.00.00.000000000 PM','DD-MON-RR HH.MI.SSXFF AM'));
Insert into PRICES (INSTRUMENTID,BIDPRICE,ASKPRICE,TIMESTAMP) values ('IN014',113.54,113.6,to_timestamp('27-AUG-25 08.00.00.000000000 PM','DD-MON-RR HH.MI.SSXFF AM'));
Insert into PRICES (INSTRUMENTID,BIDPRICE,ASKPRICE,TIMESTAMP) values ('IN015',96.87,96.92,to_timestamp('27-AUG-25 08.00.00.000000000 PM','DD-MON-RR HH.MI.SSXFF AM'));
Insert into PRICES (INSTRUMENTID,BIDPRICE,ASKPRICE,TIMESTAMP) values ('IN016',301.23,301.38,to_timestamp('27-AUG-25 08.00.00.000000000 PM','DD-MON-RR HH.MI.SSXFF AM'));
Insert into PRICES (INSTRUMENTID,BIDPRICE,ASKPRICE,TIMESTAMP) values ('IN017',596.11,596.41,to_timestamp('27-AUG-25 08.00.00.000000000 PM','DD-MON-RR HH.MI.SSXFF AM'));
Insert into PRICES (INSTRUMENTID,BIDPRICE,ASKPRICE,TIMESTAMP) values ('IN018',176.34,176.43,to_timestamp('27-AUG-25 08.00.00.000000000 PM','DD-MON-RR HH.MI.SSXFF AM'));
Insert into PRICES (INSTRUMENTID,BIDPRICE,ASKPRICE,TIMESTAMP) values ('IN019',157.87,157.95,to_timestamp('27-AUG-25 08.00.00.000000000 PM','DD-MON-RR HH.MI.SSXFF AM'));
Insert into PRICES (INSTRUMENTID,BIDPRICE,ASKPRICE,TIMESTAMP) values ('IN020',405.98,406.18,to_timestamp('27-AUG-25 08.00.00.000000000 PM','DD-MON-RR HH.MI.SSXFF AM'));
Insert into PRICES (INSTRUMENTID,BIDPRICE,ASKPRICE,TIMESTAMP) values ('IN021',948.11,948.58,to_timestamp('27-AUG-25 08.00.00.000000000 PM','DD-MON-RR HH.MI.SSXFF AM'));
Insert into PRICES (INSTRUMENTID,BIDPRICE,ASKPRICE,TIMESTAMP) values ('IN022',83.99,84.03,to_timestamp('27-AUG-25 08.00.00.000000000 PM','DD-MON-RR HH.MI.SSXFF AM'));
Insert into PRICES (INSTRUMENTID,BIDPRICE,ASKPRICE,TIMESTAMP) values ('IN023',211.98,212.09,to_timestamp('27-AUG-25 08.00.00.000000000 PM','DD-MON-RR HH.MI.SSXFF AM'));
Insert into PRICES (INSTRUMENTID,BIDPRICE,ASKPRICE,TIMESTAMP) values ('IN024',161.11,161.19,to_timestamp('27-AUG-25 08.00.00.000000000 PM','DD-MON-RR HH.MI.SSXFF AM'));
Insert into PRICES (INSTRUMENTID,BIDPRICE,ASKPRICE,TIMESTAMP) values ('IN025',254.11,254.24,to_timestamp('27-AUG-25 08.00.00.000000000 PM','DD-MON-RR HH.MI.SSXFF AM'));
Insert into PRICES (INSTRUMENTID,BIDPRICE,ASKPRICE,TIMESTAMP) values ('IN026',51.11,51.14,to_timestamp('27-AUG-25 08.00.00.000000000 PM','DD-MON-RR HH.MI.SSXFF AM'));
Insert into PRICES (INSTRUMENTID,BIDPRICE,ASKPRICE,TIMESTAMP) values ('IN027',1205.65,1206.25,to_timestamp('27-AUG-25 08.00.00.000000000 PM','DD-MON-RR HH.MI.SSXFF AM'));
Insert into PRICES (INSTRUMENTID,BIDPRICE,ASKPRICE,TIMESTAMP) values ('IN028',168.43,168.51,to_timestamp('27-AUG-25 08.00.00.000000000 PM','DD-MON-RR HH.MI.SSXFF AM'));
Insert into PRICES (INSTRUMENTID,BIDPRICE,ASKPRICE,TIMESTAMP) values ('IN029',68.54,68.57,to_timestamp('27-AUG-25 08.00.00.000000000 PM','DD-MON-RR HH.MI.SSXFF AM'));
Insert into PRICES (INSTRUMENTID,BIDPRICE,ASKPRICE,TIMESTAMP) values ('IN030',149.21,149.28,to_timestamp('27-AUG-25 08.00.00.000000000 PM','DD-MON-RR HH.MI.SSXFF AM'));
Insert into PRICES (INSTRUMENTID,BIDPRICE,ASKPRICE,TIMESTAMP) values ('IN031',485.11,485.35,to_timestamp('27-AUG-25 08.00.00.000000000 PM','DD-MON-RR HH.MI.SSXFF AM'));
Insert into PRICES (INSTRUMENTID,BIDPRICE,ASKPRICE,TIMESTAMP) values ('IN032',82.01,82.05,to_timestamp('27-AUG-25 08.00.00.000000000 PM','DD-MON-RR HH.MI.SSXFF AM'));
Insert into PRICES (INSTRUMENTID,BIDPRICE,ASKPRICE,TIMESTAMP) values ('IN033',491.23,491.48,to_timestamp('27-AUG-25 08.00.00.000000000 PM','DD-MON-RR HH.MI.SSXFF AM'));
Insert into PRICES (INSTRUMENTID,BIDPRICE,ASKPRICE,TIMESTAMP) values ('IN034',312.43,312.59,to_timestamp('27-AUG-25 08.00.00.000000000 PM','DD-MON-RR HH.MI.SSXFF AM'));
Insert into PRICES (INSTRUMENTID,BIDPRICE,ASKPRICE,TIMESTAMP) values ('IN035',119.11,119.17,to_timestamp('27-AUG-25 08.00.00.000000000 PM','DD-MON-RR HH.MI.SSXFF AM'));
Insert into PRICES (INSTRUMENTID,BIDPRICE,ASKPRICE,TIMESTAMP) values ('IN036',131.87,131.94,to_timestamp('27-AUG-25 08.00.00.000000000 PM','DD-MON-RR HH.MI.SSXFF AM'));
Insert into PRICES (INSTRUMENTID,BIDPRICE,ASKPRICE,TIMESTAMP) values ('IN037',261.11,261.24,to_timestamp('27-AUG-25 08.00.00.000000000 PM','DD-MON-RR HH.MI.SSXFF AM'));
Insert into PRICES (INSTRUMENTID,BIDPRICE,ASKPRICE,TIMESTAMP) values ('IN038',69.11,69.14,to_timestamp('27-AUG-25 08.00.00.000000000 PM','DD-MON-RR HH.MI.SSXFF AM'));
Insert into PRICES (INSTRUMENTID,BIDPRICE,ASKPRICE,TIMESTAMP) values ('IN039',242.87,242.99,to_timestamp('27-AUG-25 08.00.00.000000000 PM','DD-MON-RR HH.MI.SSXFF AM'));
Insert into PRICES (INSTRUMENTID,BIDPRICE,ASKPRICE,TIMESTAMP) values ('IN040',45.78,45.8,to_timestamp('27-AUG-25 08.00.00.000000000 PM','DD-MON-RR HH.MI.SSXFF AM'));
Insert into PRICES (INSTRUMENTID,BIDPRICE,ASKPRICE,TIMESTAMP) values ('IN041',99.01,99.03,to_timestamp('27-AUG-25 08.00.00.000000000 PM','DD-MON-RR HH.MI.SSXFF AM'));
Insert into PRICES (INSTRUMENTID,BIDPRICE,ASKPRICE,TIMESTAMP) values ('IN042',99.98,99.99,to_timestamp('27-AUG-25 08.00.00.000000000 PM','DD-MON-RR HH.MI.SSXFF AM'));
Insert into PRICES (INSTRUMENTID,BIDPRICE,ASKPRICE,TIMESTAMP) values ('IN043',99.96,99.97,to_timestamp('27-AUG-25 08.00.00.000000000 PM','DD-MON-RR HH.MI.SSXFF AM'));
Insert into PRICES (INSTRUMENTID,BIDPRICE,ASKPRICE,TIMESTAMP) values ('IN044',99.7,99.71,to_timestamp('27-AUG-25 08.00.00.000000000 PM','DD-MON-RR HH.MI.SSXFF AM'));
Insert into PRICES (INSTRUMENTID,BIDPRICE,ASKPRICE,TIMESTAMP) values ('IN045',99.55,99.56,to_timestamp('27-AUG-25 08.00.00.000000000 PM','DD-MON-RR HH.MI.SSXFF AM'));
Insert into PRICES (INSTRUMENTID,BIDPRICE,ASKPRICE,TIMESTAMP) values ('IN046',99.97,99.98,to_timestamp('27-AUG-25 08.00.00.000000000 PM','DD-MON-RR HH.MI.SSXFF AM'));
Insert into PRICES (INSTRUMENTID,BIDPRICE,ASKPRICE,TIMESTAMP) values ('IN047',99.93,99.94,to_timestamp('27-AUG-25 08.00.00.000000000 PM','DD-MON-RR HH.MI.SSXFF AM'));
Insert into PRICES (INSTRUMENTID,BIDPRICE,ASKPRICE,TIMESTAMP) values ('IN048',96.4,96.41,to_timestamp('27-AUG-25 08.00.00.000000000 PM','DD-MON-RR HH.MI.SSXFF AM'));
Insert into PRICES (INSTRUMENTID,BIDPRICE,ASKPRICE,TIMESTAMP) values ('IN049',96.68,96.69,to_timestamp('27-AUG-25 08.00.00.000000000 PM','DD-MON-RR HH.MI.SSXFF AM'));
Insert into PRICES (INSTRUMENTID,BIDPRICE,ASKPRICE,TIMESTAMP) values ('IN050',96.97,96.98,to_timestamp('27-AUG-25 08.00.00.000000000 PM','DD-MON-RR HH.MI.SSXFF AM'));
Insert into PRICES (INSTRUMENTID,BIDPRICE,ASKPRICE,TIMESTAMP) values ('IN051',97.25,97.26,to_timestamp('27-AUG-25 08.00.00.000000000 PM','DD-MON-RR HH.MI.SSXFF AM'));
Insert into PRICES (INSTRUMENTID,BIDPRICE,ASKPRICE,TIMESTAMP) values ('IN052',97.52,97.53,to_timestamp('27-AUG-25 08.00.00.000000000 PM','DD-MON-RR HH.MI.SSXFF AM'));
Insert into PRICES (INSTRUMENTID,BIDPRICE,ASKPRICE,TIMESTAMP) values ('IN053',97.8,97.81,to_timestamp('27-AUG-25 08.00.00.000000000 PM','DD-MON-RR HH.MI.SSXFF AM'));
Insert into PRICES (INSTRUMENTID,BIDPRICE,ASKPRICE,TIMESTAMP) values ('IN054',98.02,98.03,to_timestamp('27-AUG-25 08.00.00.000000000 PM','DD-MON-RR HH.MI.SSXFF AM'));
Insert into PRICES (INSTRUMENTID,BIDPRICE,ASKPRICE,TIMESTAMP) values ('IN055',98.05,98.06,to_timestamp('27-AUG-25 08.00.00.000000000 PM','DD-MON-RR HH.MI.SSXFF AM'));
Insert into PRICES (INSTRUMENTID,BIDPRICE,ASKPRICE,TIMESTAMP) values ('IN056',98.28,98.29,to_timestamp('27-AUG-25 08.00.00.000000000 PM','DD-MON-RR HH.MI.SSXFF AM'));
Insert into PRICES (INSTRUMENTID,BIDPRICE,ASKPRICE,TIMESTAMP) values ('IN057',98.5,98.51,to_timestamp('27-AUG-25 08.00.00.000000000 PM','DD-MON-RR HH.MI.SSXFF AM'));
Insert into PRICES (INSTRUMENTID,BIDPRICE,ASKPRICE,TIMESTAMP) values ('IN058',98.67,98.68,to_timestamp('27-AUG-25 08.00.00.000000000 PM','DD-MON-RR HH.MI.SSXFF AM'));
Insert into PRICES (INSTRUMENTID,BIDPRICE,ASKPRICE,TIMESTAMP) values ('IN059',98.71,98.72,to_timestamp('27-AUG-25 08.00.00.000000000 PM','DD-MON-RR HH.MI.SSXFF AM'));
Insert into PRICES (INSTRUMENTID,BIDPRICE,ASKPRICE,TIMESTAMP) values ('IN060',98.95,98.96,to_timestamp('27-AUG-25 08.00.00.000000000 PM','DD-MON-RR HH.MI.SSXFF AM'));
Insert into PRICES (INSTRUMENTID,BIDPRICE,ASKPRICE,TIMESTAMP) values ('IN061',99.08,99.09,to_timestamp('27-AUG-25 08.00.00.000000000 PM','DD-MON-RR HH.MI.SSXFF AM'));
Insert into PRICES (INSTRUMENTID,BIDPRICE,ASKPRICE,TIMESTAMP) values ('IN062',99.24,99.25,to_timestamp('27-AUG-25 08.00.00.000000000 PM','DD-MON-RR HH.MI.SSXFF AM'));
Insert into PRICES (INSTRUMENTID,BIDPRICE,ASKPRICE,TIMESTAMP) values ('IN063',99.36,99.37,to_timestamp('27-AUG-25 08.00.00.000000000 PM','DD-MON-RR HH.MI.SSXFF AM'));
Insert into PRICES (INSTRUMENTID,BIDPRICE,ASKPRICE,TIMESTAMP) values ('IN064',99.51,99.52,to_timestamp('27-AUG-25 08.00.00.000000000 PM','DD-MON-RR HH.MI.SSXFF AM'));
Insert into PRICES (INSTRUMENTID,BIDPRICE,ASKPRICE,TIMESTAMP) values ('IN065',99.67,99.68,to_timestamp('27-AUG-25 08.00.00.000000000 PM','DD-MON-RR HH.MI.SSXFF AM'));
Insert into PRICES (INSTRUMENTID,BIDPRICE,ASKPRICE,TIMESTAMP) values ('IN066',99.63,99.64,to_timestamp('27-AUG-25 08.00.00.000000000 PM','DD-MON-RR HH.MI.SSXFF AM'));
REM INSERTING into RISK_TOLERANCES
SET DEFINE OFF;
Insert into RISK_TOLERANCES (ID,NAME) values (21,'CONSERVATIVE');
Insert into RISK_TOLERANCES (ID,NAME) values (22,'BELOW_AVERAGE');
Insert into RISK_TOLERANCES (ID,NAME) values (23,'AVERAGE');
Insert into RISK_TOLERANCES (ID,NAME) values (24,'ABOVE_AVERAGE');
UPDATE RISK_TOLERANCES SET NAME = 'ABOVE_AVERAGE'WHERE ID = 24;
UPDATE RISK_TOLERANCES SET NAME = 'BELOW_AVERAGE'WHERE ID = 22;
Insert into RISK_TOLERANCES (ID,NAME) values (25,'AGGRESSIVE');
Insert into RISK_TOLERANCES (ID,NAME) values (1,'LOW');
Insert into RISK_TOLERANCES (ID,NAME) values (2,'MEDIUM');
Insert into RISK_TOLERANCES (ID,NAME) values (3,'HIGH');
REM INSERTING into TRADES
SET DEFINE OFF;
Insert into TRADES (TRADEID,INSTRUMENTID,QUANTITY,EXECUTIONPRICE,DIRECTION,CLIENTID,ORDERID,CASHVALUE,TIMESTAMP) values ('b2eea798-4e8d-42bd-ad39-f3d725c80901','IN001',100,507.88,'SELL','C001',null,50788,to_timestamp('08-SEP-25 10.54.07.447877000 AM','DD-MON-RR HH.MI.SSXFF AM'));
Insert into TRADES (TRADEID,INSTRUMENTID,QUANTITY,EXECUTIONPRICE,DIRECTION,CLIENTID,ORDERID,CASHVALUE,TIMESTAMP) values ('42tky8w36ph-jfxly80afe-wi5wy7hcp','IN004',63,228.86,'BUY','C28','6625b034-bc30-4851-a085-e927e99c11ea',14562.3618,to_timestamp('18-SEP-25 04.11.59.297989000 PM','DD-MON-RR HH.MI.SSXFF AM'));
Insert into TRADES (TRADEID,INSTRUMENTID,QUANTITY,EXECUTIONPRICE,DIRECTION,CLIENTID,ORDERID,CASHVALUE,TIMESTAMP) values ('yq4d24pmse-60mo3lknool-onm2c7kyauh','IN090',1000,600,'BUY','C28','89472dca-ff5a-4812-9ac5-9279e8a3a814',606000,to_timestamp('18-SEP-25 04.12.51.085552000 PM','DD-MON-RR HH.MI.SSXFF AM'));
Insert into TRADES (TRADEID,INSTRUMENTID,QUANTITY,EXECUTIONPRICE,DIRECTION,CLIENTID,ORDERID,CASHVALUE,TIMESTAMP) values ('xgmgad1vpec-1i71bbe64la-hq1ecxn21gc','IN002',1000,235.33,'BUY','C001','9ccdd62d-bf8c-46f1-96ec-27fe2404d231',237683.3,to_timestamp('19-SEP-25 12.13.15.917187000 AM','DD-MON-RR HH.MI.SSXFF AM'));
Insert into TRADES (TRADEID,INSTRUMENTID,QUANTITY,EXECUTIONPRICE,DIRECTION,CLIENTID,ORDERID,CASHVALUE,TIMESTAMP) values ('za6dl2h7ul-ak1nzfdrts-tiyfffbjdw','IN099',50152,600,'BUY','C27','d2451114-3704-460d-8046-fa43851d385c',30392112,to_timestamp('19-SEP-25 12.14.21.641263000 AM','DD-MON-RR HH.MI.SSXFF AM'));
Insert into TRADES (TRADEID,INSTRUMENTID,QUANTITY,EXECUTIONPRICE,DIRECTION,CLIENTID,ORDERID,CASHVALUE,TIMESTAMP) values ('k97ubrr2kf-ii3hlrnxthn-5pe9voj54mh','IN002',300,235.21,'SELL','C27','e049fe43-eade-4afd-9523-ed071d144493',71268.63,to_timestamp('19-SEP-25 12.15.20.797438000 AM','DD-MON-RR HH.MI.SSXFF AM'));
Insert into TRADES (TRADEID,INSTRUMENTID,QUANTITY,EXECUTIONPRICE,DIRECTION,CLIENTID,ORDERID,CASHVALUE,TIMESTAMP) values ('njk0dno0okr-17jlgve1uy9-1dae6cxj4xj','IN002',1000,235.33,'BUY','C001','e0b44d6f-0fed-4e0c-a742-086eb4c83713',237683.3,to_timestamp('19-SEP-25 12.21.45.324642000 AM','DD-MON-RR HH.MI.SSXFF AM'));
Insert into TRADES (TRADEID,INSTRUMENTID,QUANTITY,EXECUTIONPRICE,DIRECTION,CLIENTID,ORDERID,CASHVALUE,TIMESTAMP) values ('uesy4uhv00h-6005j3z3d85-p3v8uy85js','IN008',1539,502.05,'BUY','C001','0ba7b9dd-73b9-4c84-81a8-ea092516a3f2',780381.4995,to_timestamp('26-SEP-25 12.32.20.900742000 PM','DD-MON-RR HH.MI.SSXFF AM'));
Insert into TRADES (TRADEID,INSTRUMENTID,QUANTITY,EXECUTIONPRICE,DIRECTION,CLIENTID,ORDERID,CASHVALUE,TIMESTAMP) values ('a9ae8afe-bf34-40fa-a9e3-76e90f130d03','IN001',13,508.13,'BUY','C002',null,6605.69,to_timestamp('03-SEP-25 01.18.51.587344000 AM','DD-MON-RR HH.MI.SSXFF AM'));
Insert into TRADES (TRADEID,INSTRUMENTID,QUANTITY,EXECUTIONPRICE,DIRECTION,CLIENTID,ORDERID,CASHVALUE,TIMESTAMP) values ('92b75232-08e7-410e-94ba-ec7c77f96c94','IN001',1,507.88,'SELL','C002',null,507.88,to_timestamp('03-SEP-25 01.19.18.174739000 AM','DD-MON-RR HH.MI.SSXFF AM'));
Insert into TRADES (TRADEID,INSTRUMENTID,QUANTITY,EXECUTIONPRICE,DIRECTION,CLIENTID,ORDERID,CASHVALUE,TIMESTAMP) values ('7c0e02c3-0d7f-4fbc-850b-d48bc711ab80','IN002',100,235.23,'BUY','C001',null,23523,to_timestamp('03-SEP-25 04.33.52.458953000 PM','DD-MON-RR HH.MI.SSXFF AM'));
Insert into TRADES (TRADEID,INSTRUMENTID,QUANTITY,EXECUTIONPRICE,DIRECTION,CLIENTID,ORDERID,CASHVALUE,TIMESTAMP) values ('783e870e-275c-4f42-99dd-e8e9c878b14c','IN002',10000,236.62,'BUY','C002',null,2366200,to_timestamp('04-SEP-25 08.50.34.661143000 AM','DD-MON-RR HH.MI.SSXFF AM'));
Insert into TRADES (TRADEID,INSTRUMENTID,QUANTITY,EXECUTIONPRICE,DIRECTION,CLIENTID,ORDERID,CASHVALUE,TIMESTAMP) values ('cad93381-e630-4088-90f0-b38fb5692a9f','IN002',10000,236.62,'BUY','C002',null,2366200,to_timestamp('04-SEP-25 08.50.38.606925000 AM','DD-MON-RR HH.MI.SSXFF AM'));
Insert into TRADES (TRADEID,INSTRUMENTID,QUANTITY,EXECUTIONPRICE,DIRECTION,CLIENTID,ORDERID,CASHVALUE,TIMESTAMP) values ('8abcccba-e1de-4235-9b13-a7f8f485476d','IN017',6117,596.29,'BUY','C002',null,3647505.93,to_timestamp('04-SEP-25 10.34.16.402436000 PM','DD-MON-RR HH.MI.SSXFF AM'));
Insert into TRADES (TRADEID,INSTRUMENTID,QUANTITY,EXECUTIONPRICE,DIRECTION,CLIENTID,ORDERID,CASHVALUE,TIMESTAMP) values ('ea942480-914d-4605-9ec1-f8ff01fbc9fb','IN014',100,113.94,'BUY','C001',null,11394,to_timestamp('08-SEP-25 08.57.17.195529000 AM','DD-MON-RR HH.MI.SSXFF AM'));
Insert into TRADES (TRADEID,INSTRUMENTID,QUANTITY,EXECUTIONPRICE,DIRECTION,CLIENTID,ORDERID,CASHVALUE,TIMESTAMP) values ('13460ce5-ee9e-4e54-874c-129a79fe2a8d','IN002',100,236.1,'SELL','C002',null,23610,to_timestamp('08-SEP-25 08.58.16.517272000 AM','DD-MON-RR HH.MI.SSXFF AM'));
Insert into TRADES (TRADEID,INSTRUMENTID,QUANTITY,EXECUTIONPRICE,DIRECTION,CLIENTID,ORDERID,CASHVALUE,TIMESTAMP) values ('c97fe33a-60a9-4092-8313-bf2fe73ef227','IN001',100,508.13,'BUY','C001',null,50813,to_timestamp('08-SEP-25 11.16.04.360301000 AM','DD-MON-RR HH.MI.SSXFF AM'));
Insert into TRADES (TRADEID,INSTRUMENTID,QUANTITY,EXECUTIONPRICE,DIRECTION,CLIENTID,ORDERID,CASHVALUE,TIMESTAMP) values ('23ad1c7d-f7ca-4a60-a684-ee6cbba04e9f','IN001',100,507.88,'SELL','C001',null,50788,to_timestamp('08-SEP-25 11.16.43.415958000 AM','DD-MON-RR HH.MI.SSXFF AM'));
Insert into TRADES (TRADEID,INSTRUMENTID,QUANTITY,EXECUTIONPRICE,DIRECTION,CLIENTID,ORDERID,CASHVALUE,TIMESTAMP) values ('92f72ded-cc28-4a23-b7db-e7f3e59e6629','IN001',100,507.88,'SELL','C001',null,50788,to_timestamp('08-SEP-25 11.18.59.441261000 AM','DD-MON-RR HH.MI.SSXFF AM'));
Insert into TRADES (TRADEID,INSTRUMENTID,QUANTITY,EXECUTIONPRICE,DIRECTION,CLIENTID,ORDERID,CASHVALUE,TIMESTAMP) values ('badac0e0-ca13-4812-8105-b0619cf0a901','IN001',100,508.13,'BUY','C001',null,50813,to_timestamp('08-SEP-25 11.24.40.610032000 AM','DD-MON-RR HH.MI.SSXFF AM'));
Insert into TRADES (TRADEID,INSTRUMENTID,QUANTITY,EXECUTIONPRICE,DIRECTION,CLIENTID,ORDERID,CASHVALUE,TIMESTAMP) values ('c288c6aa-b2b6-4227-848c-560f1bcebeae','IN001',100,508.13,'BUY','C001',null,50813,to_timestamp('08-SEP-25 11.40.40.262387000 AM','DD-MON-RR HH.MI.SSXFF AM'));
Insert into TRADES (TRADEID,INSTRUMENTID,QUANTITY,EXECUTIONPRICE,DIRECTION,CLIENTID,ORDERID,CASHVALUE,TIMESTAMP) values ('fbf1b768-9b60-4c4a-9baf-513f05fb64d4','IN001',100,508.13,'BUY','C001',null,50813,to_timestamp('08-SEP-25 11.46.07.133789000 AM','DD-MON-RR HH.MI.SSXFF AM'));
Insert into TRADES (TRADEID,INSTRUMENTID,QUANTITY,EXECUTIONPRICE,DIRECTION,CLIENTID,ORDERID,CASHVALUE,TIMESTAMP) values ('50093173-7b28-4410-aec5-31e297f078cc','IN001',100,508.13,'BUY','C001',null,50813,to_timestamp('08-SEP-25 11.47.56.668409000 AM','DD-MON-RR HH.MI.SSXFF AM'));
Insert into TRADES (TRADEID,INSTRUMENTID,QUANTITY,EXECUTIONPRICE,DIRECTION,CLIENTID,ORDERID,CASHVALUE,TIMESTAMP) values ('4eb809a6-89e4-42e9-99da-8d7245766f18','IN001',100,508.13,'BUY','C001',null,50813,to_timestamp('08-SEP-25 11.48.20.547782000 AM','DD-MON-RR HH.MI.SSXFF AM'));
Insert into TRADES (TRADEID,INSTRUMENTID,QUANTITY,EXECUTIONPRICE,DIRECTION,CLIENTID,ORDERID,CASHVALUE,TIMESTAMP) values ('28987999-df09-4ce1-99c7-866547653ff7','IN001',100,508.13,'BUY','C001',null,50813,to_timestamp('08-SEP-25 11.49.15.621974000 AM','DD-MON-RR HH.MI.SSXFF AM'));
Insert into TRADES (TRADEID,INSTRUMENTID,QUANTITY,EXECUTIONPRICE,DIRECTION,CLIENTID,ORDERID,CASHVALUE,TIMESTAMP) values ('bdbdd615-dc30-43ec-a65c-529901f49d49','IN001',100,508.13,'BUY','C001',null,50813,to_timestamp('08-SEP-25 11.57.31.740382000 AM','DD-MON-RR HH.MI.SSXFF AM'));
Insert into TRADES (TRADEID,INSTRUMENTID,QUANTITY,EXECUTIONPRICE,DIRECTION,CLIENTID,ORDERID,CASHVALUE,TIMESTAMP) values ('1da7f800-a81c-4922-8559-12a4a7347e4e','IN001',100,508.13,'BUY','C001',null,50813,to_timestamp('08-SEP-25 12.01.53.527849000 PM','DD-MON-RR HH.MI.SSXFF AM'));
Insert into TRADES (TRADEID,INSTRUMENTID,QUANTITY,EXECUTIONPRICE,DIRECTION,CLIENTID,ORDERID,CASHVALUE,TIMESTAMP) values ('17be485a-06cd-4ae1-8b2e-e1b5ec71b8c9','IN001',100,508.13,'BUY','C001',null,50813,to_timestamp('08-SEP-25 12.02.02.514633000 PM','DD-MON-RR HH.MI.SSXFF AM'));
Insert into TRADES (TRADEID,INSTRUMENTID,QUANTITY,EXECUTIONPRICE,DIRECTION,CLIENTID,ORDERID,CASHVALUE,TIMESTAMP) values ('0eae8a8b-1e52-4c96-9a9b-49be355f38b7','IN001',100,508.13,'BUY','C001',null,50813,to_timestamp('08-SEP-25 12.03.25.314416000 PM','DD-MON-RR HH.MI.SSXFF AM'));
Insert into TRADES (TRADEID,INSTRUMENTID,QUANTITY,EXECUTIONPRICE,DIRECTION,CLIENTID,ORDERID,CASHVALUE,TIMESTAMP) values ('c82cc0cb-5369-432c-bb7b-fa75a87bca45','IN001',100,508.13,'BUY','C001',null,50813,to_timestamp('08-SEP-25 12.03.28.931089000 PM','DD-MON-RR HH.MI.SSXFF AM'));
Insert into TRADES (TRADEID,INSTRUMENTID,QUANTITY,EXECUTIONPRICE,DIRECTION,CLIENTID,ORDERID,CASHVALUE,TIMESTAMP) values ('2a7b277d-e5e7-4f33-b744-fea97bd21ce5','IN001',100,508.13,'BUY','C001',null,50813,to_timestamp('08-SEP-25 12.05.18.028713000 PM','DD-MON-RR HH.MI.SSXFF AM'));
Insert into TRADES (TRADEID,INSTRUMENTID,QUANTITY,EXECUTIONPRICE,DIRECTION,CLIENTID,ORDERID,CASHVALUE,TIMESTAMP) values ('30e036fe-824b-4314-b222-a0506ac95495','IN001',100,508.13,'BUY','C001',null,50813,to_timestamp('08-SEP-25 12.14.11.431258000 PM','DD-MON-RR HH.MI.SSXFF AM'));
Insert into TRADES (TRADEID,INSTRUMENTID,QUANTITY,EXECUTIONPRICE,DIRECTION,CLIENTID,ORDERID,CASHVALUE,TIMESTAMP) values ('2afeff5e-5212-4dc3-8ee9-b7e0143e37b1','IN001',100,508.13,'BUY','C001',null,50813,to_timestamp('08-SEP-25 12.23.38.468565000 PM','DD-MON-RR HH.MI.SSXFF AM'));
Insert into TRADES (TRADEID,INSTRUMENTID,QUANTITY,EXECUTIONPRICE,DIRECTION,CLIENTID,ORDERID,CASHVALUE,TIMESTAMP) values ('c14c10a6-5924-4c85-8f2d-1629a28f1381','IN013',4881,356.39,'BUY','C001',null,1739539.59,to_timestamp('08-SEP-25 12.24.24.462694000 PM','DD-MON-RR HH.MI.SSXFF AM'));
Insert into TRADES (TRADEID,INSTRUMENTID,QUANTITY,EXECUTIONPRICE,DIRECTION,CLIENTID,ORDERID,CASHVALUE,TIMESTAMP) values ('yhswkhzy88o-qynail2cpon-bhazczz5pd','IN001',100,172.55,'BUY','C001',null,17427.55,to_timestamp('08-SEP-25 01.12.08.913358000 PM','DD-MON-RR HH.MI.SSXFF AM'));
Insert into TRADES (TRADEID,INSTRUMENTID,QUANTITY,EXECUTIONPRICE,DIRECTION,CLIENTID,ORDERID,CASHVALUE,TIMESTAMP) values ('t8vtuuu7n8-ubvwp5z936r-ufoaq98tho','IN001',100,172.55,'BUY','C001',null,17427.55,to_timestamp('08-SEP-25 01.14.50.706238000 PM','DD-MON-RR HH.MI.SSXFF AM'));
Insert into TRADES (TRADEID,INSTRUMENTID,QUANTITY,EXECUTIONPRICE,DIRECTION,CLIENTID,ORDERID,CASHVALUE,TIMESTAMP) values ('3uu0dx5ud6j-63us0yw6pj4-llim91tpa2j','IN001',100,172.55,'BUY','C001','84e390b4-550a-4be6-8555-9fade9b4d10e',17427.55,to_timestamp('08-SEP-25 01.19.50.229539000 PM','DD-MON-RR HH.MI.SSXFF AM'));
Insert into TRADES (TRADEID,INSTRUMENTID,QUANTITY,EXECUTIONPRICE,DIRECTION,CLIENTID,ORDERID,CASHVALUE,TIMESTAMP) values ('gbtyemiqza-qhq5r4bxqug-1bsdsyo4pvdi','IN001',100,172.55,'BUY','C001','32892dbb-dba7-402a-af2e-635118ff2c25',17427.55,to_timestamp('08-SEP-25 01.22.49.427684000 PM','DD-MON-RR HH.MI.SSXFF AM'));
Insert into TRADES (TRADEID,INSTRUMENTID,QUANTITY,EXECUTIONPRICE,DIRECTION,CLIENTID,ORDERID,CASHVALUE,TIMESTAMP) values ('txrsvxezo9c-um987amgqx8-pov993w9f2','IN001',100,172.55,'BUY','C001','d843e71b-387e-4aed-bfa2-a015659d9d30',17427.55,to_timestamp('08-SEP-25 01.25.01.865605000 PM','DD-MON-RR HH.MI.SSXFF AM'));
Insert into TRADES (TRADEID,INSTRUMENTID,QUANTITY,EXECUTIONPRICE,DIRECTION,CLIENTID,ORDERID,CASHVALUE,TIMESTAMP) values ('z6k4hcem61-401w88v4wqu-5jg5ovj892d','IN001',100,172.5,'SELL','C001','112399c9-b362-439b-ac9d-3362ccfa4085',17422.5,to_timestamp('08-SEP-25 01.25.06.180051000 PM','DD-MON-RR HH.MI.SSXFF AM'));
Insert into TRADES (TRADEID,INSTRUMENTID,QUANTITY,EXECUTIONPRICE,DIRECTION,CLIENTID,ORDERID,CASHVALUE,TIMESTAMP) values ('poxniibmqis-b728c9pmuyl-4kydotmiuak','IN001',1000,172.5,'SELL','C001','d128763c-6c73-492d-a2b4-981b1afe7628',174225,to_timestamp('08-SEP-25 01.35.44.318404000 PM','DD-MON-RR HH.MI.SSXFF AM'));
Insert into TRADES (TRADEID,INSTRUMENTID,QUANTITY,EXECUTIONPRICE,DIRECTION,CLIENTID,ORDERID,CASHVALUE,TIMESTAMP) values ('8shualfctbs-vjjvv8r9py-3ob5r6midl9','IN001',100,172.55,'BUY','C001','30bb3bb2-d64b-4edf-afcd-848f629c23f3',17427.55,to_timestamp('08-SEP-25 01.40.20.628311000 PM','DD-MON-RR HH.MI.SSXFF AM'));
Insert into TRADES (TRADEID,INSTRUMENTID,QUANTITY,EXECUTIONPRICE,DIRECTION,CLIENTID,ORDERID,CASHVALUE,TIMESTAMP) values ('wf9afq7htf-spxjyrnq39-enrspmiqnw','IN001',100,172.55,'BUY','C001','88b7bc26-8839-4cc3-936b-06d0a559ae6e',17427.55,to_timestamp('08-SEP-25 01.40.21.627352000 PM','DD-MON-RR HH.MI.SSXFF AM'));
Insert into TRADES (TRADEID,INSTRUMENTID,QUANTITY,EXECUTIONPRICE,DIRECTION,CLIENTID,ORDERID,CASHVALUE,TIMESTAMP) values ('xgwbhox3rd-uukq8dvedu-oxum4727qza','IN001',100,172.55,'BUY','C001','43290ee6-92cf-4119-ab1b-95f1e2b3841f',17427.55,to_timestamp('08-SEP-25 01.40.22.703997000 PM','DD-MON-RR HH.MI.SSXFF AM'));
Insert into TRADES (TRADEID,INSTRUMENTID,QUANTITY,EXECUTIONPRICE,DIRECTION,CLIENTID,ORDERID,CASHVALUE,TIMESTAMP) values ('7ub55b4diaj-91g9ovj9h1c-gew0x7p3kh7','IN002',100,236.45,'BUY','C001','6b95018c-afc8-42cc-8a58-118d63076fa0',23881.45,to_timestamp('08-SEP-25 01.49.33.548942000 PM','DD-MON-RR HH.MI.SSXFF AM'));
Insert into TRADES (TRADEID,INSTRUMENTID,QUANTITY,EXECUTIONPRICE,DIRECTION,CLIENTID,ORDERID,CASHVALUE,TIMESTAMP) values ('wqamq3jz21-5n4mbcg2o2m-c8eaghudq47','IN002',-100,236.45,'BUY','C001','3f4fa2ee-effd-4ae8-a80a-6ef7379301bc',-23881.45,to_timestamp('08-SEP-25 02.27.53.157621000 PM','DD-MON-RR HH.MI.SSXFF AM'));
Insert into TRADES (TRADEID,INSTRUMENTID,QUANTITY,EXECUTIONPRICE,DIRECTION,CLIENTID,ORDERID,CASHVALUE,TIMESTAMP) values ('qjnfuqv663-pe0awm86xyq-pm7iyuga67o','IN002',1,236.45,'BUY','C001','f931dcd8-ccc9-474a-bb20-e364b3297731',238.8145,to_timestamp('08-SEP-25 02.30.25.442684000 PM','DD-MON-RR HH.MI.SSXFF AM'));
Insert into TRADES (TRADEID,INSTRUMENTID,QUANTITY,EXECUTIONPRICE,DIRECTION,CLIENTID,ORDERID,CASHVALUE,TIMESTAMP) values ('ohav5ptzh3-ootxknhtwi-kpg7cyv84xr','IN002',1000,236.45,'BUY','C001','823e090f-1fca-4f29-af96-3cb3c080c943',238814.5,to_timestamp('08-SEP-25 02.30.48.947051000 PM','DD-MON-RR HH.MI.SSXFF AM'));
Insert into TRADES (TRADEID,INSTRUMENTID,QUANTITY,EXECUTIONPRICE,DIRECTION,CLIENTID,ORDERID,CASHVALUE,TIMESTAMP) values ('yjg6548xlxl-4xz8lzyydy-m9kzjxehvtb','IN002',3,236.45,'BUY','C20','97ff977b-30fc-49b1-88a1-d2c7def76a67',716.4435,to_timestamp('08-SEP-25 02.36.24.871682000 PM','DD-MON-RR HH.MI.SSXFF AM'));
Insert into TRADES (TRADEID,INSTRUMENTID,QUANTITY,EXECUTIONPRICE,DIRECTION,CLIENTID,ORDERID,CASHVALUE,TIMESTAMP) values ('lgpgpubqeuk-0oz0pdqlxy9g-6zqybo379lc','IN002',2,236.4,'SELL','C20','d57500fe-6f50-4ef5-9053-a9d5d1754821',477.528,to_timestamp('08-SEP-25 02.37.03.122169000 PM','DD-MON-RR HH.MI.SSXFF AM'));
Insert into TRADES (TRADEID,INSTRUMENTID,QUANTITY,EXECUTIONPRICE,DIRECTION,CLIENTID,ORDERID,CASHVALUE,TIMESTAMP) values ('ug4g0qowp9-t1p25khlrkm-ocdzsdtwywd','IN002',9,236.45,'BUY','C20','fe0a9456-3024-411e-aba2-180305d4b216',2149.3305,to_timestamp('08-SEP-25 03.15.09.473089000 PM','DD-MON-RR HH.MI.SSXFF AM'));
Insert into TRADES (TRADEID,INSTRUMENTID,QUANTITY,EXECUTIONPRICE,DIRECTION,CLIENTID,ORDERID,CASHVALUE,TIMESTAMP) values ('75zcqrss3rg-brs8srl12k5-q7t7kf10d3f','IN007',1546,263.26,'BUY','C001','f6e81bb3-fb76-4fab-bc71-52b453397518',411069.9596,to_timestamp('19-SEP-25 11.51.07.689944000 AM','DD-MON-RR HH.MI.SSXFF AM'));
Insert into TRADES (TRADEID,INSTRUMENTID,QUANTITY,EXECUTIONPRICE,DIRECTION,CLIENTID,ORDERID,CASHVALUE,TIMESTAMP) values ('9iu1uqcce2-p3noalft839-zuggidd0ba','IN004',722,228.86,'BUY','C001','13988a99-ce4f-4e02-a1ee-4dbab04c2df6',166889.2892,to_timestamp('19-SEP-25 11.53.01.689397000 AM','DD-MON-RR HH.MI.SSXFF AM'));
Insert into TRADES (TRADEID,INSTRUMENTID,QUANTITY,EXECUTIONPRICE,DIRECTION,CLIENTID,ORDERID,CASHVALUE,TIMESTAMP) values ('nvfvs1rw1e-fi9i8gfqpc-j6u5a1qj6h','IN007',805,263.26,'BUY','C001','239b7af3-9180-4604-ac6a-b7362c490b2d',214043.543,to_timestamp('19-SEP-25 11.55.18.244963000 AM','DD-MON-RR HH.MI.SSXFF AM'));
Insert into TRADES (TRADEID,INSTRUMENTID,QUANTITY,EXECUTIONPRICE,DIRECTION,CLIENTID,ORDERID,CASHVALUE,TIMESTAMP) values ('jwbt73h8flb-6o6nfspzhri-qagl362jdl','IN005',1319,262.16,'BUY','C001','2f38e01b-f7bf-41ad-8f68-33389f5ab65e',349246.9304,to_timestamp('19-SEP-25 12.08.35.086346000 PM','DD-MON-RR HH.MI.SSXFF AM'));
Insert into TRADES (TRADEID,INSTRUMENTID,QUANTITY,EXECUTIONPRICE,DIRECTION,CLIENTID,ORDERID,CASHVALUE,TIMESTAMP) values ('j90p11j9qnp-gl8g1u1rg1n-65b9gt8gjsp','IN008',1546,502.05,'BUY','C001','64d4a0ca-80f7-4035-a23d-179290359c7f',783930.993,to_timestamp('19-SEP-25 12.30.02.440420000 PM','DD-MON-RR HH.MI.SSXFF AM'));
Insert into TRADES (TRADEID,INSTRUMENTID,QUANTITY,EXECUTIONPRICE,DIRECTION,CLIENTID,ORDERID,CASHVALUE,TIMESTAMP) values ('f758ffka9iw-wob6jls1uv9-noo204ylihf','IN003',1100,675.29,'BUY','C001','eded39c7-72eb-4f53-bf7d-94ea47167ad6',750247.19,to_timestamp('19-SEP-25 02.54.24.666971000 PM','DD-MON-RR HH.MI.SSXFF AM'));
Insert into TRADES (TRADEID,INSTRUMENTID,QUANTITY,EXECUTIONPRICE,DIRECTION,CLIENTID,ORDERID,CASHVALUE,TIMESTAMP) values ('T001','IN012',150,302.4,'BUY','C001','O001',45360,to_timestamp('26-AUG-25 02.30.00.000000000 PM','DD-MON-RR HH.MI.SSXFF AM'));
Insert into TRADES (TRADEID,INSTRUMENTID,QUANTITY,EXECUTIONPRICE,DIRECTION,CLIENTID,ORDERID,CASHVALUE,TIMESTAMP) values ('T002','IN078',25000,100,'BUY','C001','O002',25000,to_timestamp('25-AUG-25 11.05.00.000000000 AM','DD-MON-RR HH.MI.SSXFF AM'));
Insert into TRADES (TRADEID,INSTRUMENTID,QUANTITY,EXECUTIONPRICE,DIRECTION,CLIENTID,ORDERID,CASHVALUE,TIMESTAMP) values ('T003','IN045',50000,99.56,'BUY','C001','O003',49780,to_timestamp('26-AUG-25 06.15.00.000000000 PM','DD-MON-RR HH.MI.SSXFF AM'));
Insert into TRADES (TRADEID,INSTRUMENTID,QUANTITY,EXECUTIONPRICE,DIRECTION,CLIENTID,ORDERID,CASHVALUE,TIMESTAMP) values ('T004','IN021',40,951.34,'BUY','C002','O004',38053.6,to_timestamp('26-AUG-25 03.00.00.000000000 PM','DD-MON-RR HH.MI.SSXFF AM'));
Insert into TRADES (TRADEID,INSTRUMENTID,QUANTITY,EXECUTIONPRICE,DIRECTION,CLIENTID,ORDERID,CASHVALUE,TIMESTAMP) values ('T005','IN088',10000,100,'BUY','C002','O005',10000,to_timestamp('27-AUG-25 10.20.00.000000000 AM','DD-MON-RR HH.MI.SSXFF AM'));
Insert into TRADES (TRADEID,INSTRUMENTID,QUANTITY,EXECUTIONPRICE,DIRECTION,CLIENTID,ORDERID,CASHVALUE,TIMESTAMP) values ('T006','IN038',500,69.54,'BUY','C003','O006',34770,to_timestamp('26-AUG-25 04.45.00.000000000 PM','DD-MON-RR HH.MI.SSXFF AM'));
Insert into TRADES (TRADEID,INSTRUMENTID,QUANTITY,EXECUTIONPRICE,DIRECTION,CLIENTID,ORDERID,CASHVALUE,TIMESTAMP) values ('T007','IN095',5000,100,'BUY','C003','O007',5000,to_timestamp('28-AUG-25 09.55.00.000000000 AM','DD-MON-RR HH.MI.SSXFF AM'));
Insert into TRADES (TRADEID,INSTRUMENTID,QUANTITY,EXECUTIONPRICE,DIRECTION,CLIENTID,ORDERID,CASHVALUE,TIMESTAMP) values ('T008','IN002',120,236.11,'BUY','C004','O008',28333.2,to_timestamp('27-AUG-25 05.10.00.000000000 PM','DD-MON-RR HH.MI.SSXFF AM'));
Insert into TRADES (TRADEID,INSTRUMENTID,QUANTITY,EXECUTIONPRICE,DIRECTION,CLIENTID,ORDERID,CASHVALUE,TIMESTAMP) values ('T009','IN019',180,157.87,'BUY','C005','O009',28416.6,to_timestamp('27-AUG-25 07.00.00.000000000 PM','DD-MON-RR HH.MI.SSXFF AM'));
Insert into TRADES (TRADEID,INSTRUMENTID,QUANTITY,EXECUTIONPRICE,DIRECTION,CLIENTID,ORDERID,CASHVALUE,TIMESTAMP) values ('T010','IN081',40000,100,'BUY','C005','O010',40000,to_timestamp('29-AUG-25 12.30.00.000000000 PM','DD-MON-RR HH.MI.SSXFF AM'));
Insert into TRADES (TRADEID,INSTRUMENTID,QUANTITY,EXECUTIONPRICE,DIRECTION,CLIENTID,ORDERID,CASHVALUE,TIMESTAMP) values ('T011','IN031',60,485.11,'BUY','C006','O011',29106.6,to_timestamp('27-AUG-25 02.00.00.000000000 PM','DD-MON-RR HH.MI.SSXFF AM'));
Insert into TRADES (TRADEID,INSTRUMENTID,QUANTITY,EXECUTIONPRICE,DIRECTION,CLIENTID,ORDERID,CASHVALUE,TIMESTAMP) values ('T012','IN091',15000,100,'BUY','C006','O012',15000,to_timestamp('25-AUG-25 01.40.00.000000000 PM','DD-MON-RR HH.MI.SSXFF AM'));
Insert into TRADES (TRADEID,INSTRUMENTID,QUANTITY,EXECUTIONPRICE,DIRECTION,CLIENTID,ORDERID,CASHVALUE,TIMESTAMP) values ('T013','IN008',50,501.21,'BUY','C007','O013',25060.5,to_timestamp('27-AUG-25 03.25.00.000000000 PM','DD-MON-RR HH.MI.SSXFF AM'));
Insert into TRADES (TRADEID,INSTRUMENTID,QUANTITY,EXECUTIONPRICE,DIRECTION,CLIENTID,ORDERID,CASHVALUE,TIMESTAMP) values ('T014','IN025',110,254.11,'BUY','C008','O014',27952.1,to_timestamp('27-AUG-25 04.00.00.000000000 PM','DD-MON-RR HH.MI.SSXFF AM'));
Insert into TRADES (TRADEID,INSTRUMENTID,QUANTITY,EXECUTIONPRICE,DIRECTION,CLIENTID,ORDERID,CASHVALUE,TIMESTAMP) values ('T015','IN085',75000,100,'BUY','C008','O015',75000,to_timestamp('28-AUG-25 11.50.00.000000000 AM','DD-MON-RR HH.MI.SSXFF AM'));
Insert into TRADES (TRADEID,INSTRUMENTID,QUANTITY,EXECUTIONPRICE,DIRECTION,CLIENTID,ORDERID,CASHVALUE,TIMESTAMP) values ('T016','IN035',400,119.11,'BUY','C009','O016',47644,to_timestamp('27-AUG-25 06.20.00.000000000 PM','DD-MON-RR HH.MI.SSXFF AM'));
Insert into TRADES (TRADEID,INSTRUMENTID,QUANTITY,EXECUTIONPRICE,DIRECTION,CLIENTID,ORDERID,CASHVALUE,TIMESTAMP) values ('T017','IN099',20000,100,'BUY','C009','O017',20000,to_timestamp('29-AUG-25 10.10.00.000000000 AM','DD-MON-RR HH.MI.SSXFF AM'));
Insert into TRADES (TRADEID,INSTRUMENTID,QUANTITY,EXECUTIONPRICE,DIRECTION,CLIENTID,ORDERID,CASHVALUE,TIMESTAMP) values ('T018','IN011',90,339.87,'BUY','C010','O018',30588.3,to_timestamp('27-AUG-25 07.30.00.000000000 PM','DD-MON-RR HH.MI.SSXFF AM'));
Insert into TRADES (TRADEID,INSTRUMENTID,QUANTITY,EXECUTIONPRICE,DIRECTION,CLIENTID,ORDERID,CASHVALUE,TIMESTAMP) values ('T019','IN076',60000,100,'BUY','C010','O019',60000,to_timestamp('26-AUG-25 12.00.00.000000000 PM','DD-MON-RR HH.MI.SSXFF AM'));
Insert into TRADES (TRADEID,INSTRUMENTID,QUANTITY,EXECUTIONPRICE,DIRECTION,CLIENTID,ORDERID,CASHVALUE,TIMESTAMP) values ('T020','IN042',200000,99.98,'BUY','C011','O020',199960,to_timestamp('25-AUG-25 05.45.00.000000000 PM','DD-MON-RR HH.MI.SSXFF AM'));
Insert into TRADES (TRADEID,INSTRUMENTID,QUANTITY,EXECUTIONPRICE,DIRECTION,CLIENTID,ORDERID,CASHVALUE,TIMESTAMP) values ('T021','IN001',80,508.47,'BUY','C011','O021',40677.6,to_timestamp('27-AUG-25 02.50.00.000000000 PM','DD-MON-RR HH.MI.SSXFF AM'));
Insert into TRADES (TRADEID,INSTRUMENTID,QUANTITY,EXECUTIONPRICE,DIRECTION,CLIENTID,ORDERID,CASHVALUE,TIMESTAMP) values ('T040','IN051',75000,97.26,'BUY','C002','O040',72945,to_timestamp('26-AUG-25 05.50.00.000000000 PM','DD-MON-RR HH.MI.SSXFF AM'));
Insert into TRADES (TRADEID,INSTRUMENTID,QUANTITY,EXECUTIONPRICE,DIRECTION,CLIENTID,ORDERID,CASHVALUE,TIMESTAMP) values ('T041','IN015',200,96.87,'BUY','C002','O041',19374,to_timestamp('27-AUG-25 06.30.00.000000000 PM','DD-MON-RR HH.MI.SSXFF AM'));
Insert into TRADES (TRADEID,INSTRUMENTID,QUANTITY,EXECUTIONPRICE,DIRECTION,CLIENTID,ORDERID,CASHVALUE,TIMESTAMP) values ('T042','IN062',20000,99.25,'BUY','C003','O042',19850,to_timestamp('26-AUG-25 06.05.00.000000000 PM','DD-MON-RR HH.MI.SSXFF AM'));
Insert into TRADES (TRADEID,INSTRUMENTID,QUANTITY,EXECUTIONPRICE,DIRECTION,CLIENTID,ORDERID,CASHVALUE,TIMESTAMP) values ('T043','IN071',150000,100,'BUY','C004','O043',150000,to_timestamp('25-AUG-25 07.20.00.000000000 PM','DD-MON-RR HH.MI.SSXFF AM'));
Insert into TRADES (TRADEID,INSTRUMENTID,QUANTITY,EXECUTIONPRICE,DIRECTION,CLIENTID,ORDERID,CASHVALUE,TIMESTAMP) values ('T044','IN029',300,68.54,'BUY','C004','O044',20562,to_timestamp('27-AUG-25 07.40.00.000000000 PM','DD-MON-RR HH.MI.SSXFF AM'));
Insert into TRADES (TRADEID,INSTRUMENTID,QUANTITY,EXECUTIONPRICE,DIRECTION,CLIENTID,ORDERID,CASHVALUE,TIMESTAMP) values ('T045','IN058',80000,98.68,'BUY','C005','O045',78944,to_timestamp('26-AUG-25 07.55.00.000000000 PM','DD-MON-RR HH.MI.SSXFF AM'));
Insert into TRADES (TRADEID,INSTRUMENTID,QUANTITY,EXECUTIONPRICE,DIRECTION,CLIENTID,ORDERID,CASHVALUE,TIMESTAMP) values ('T046','IN048',60000,96.41,'BUY','C006','O046',57846,to_timestamp('26-AUG-25 04.30.00.000000000 PM','DD-MON-RR HH.MI.SSXFF AM'));
Insert into TRADES (TRADEID,INSTRUMENTID,QUANTITY,EXECUTIONPRICE,DIRECTION,CLIENTID,ORDERID,CASHVALUE,TIMESTAMP) values ('T047','IN065',120000,99.68,'BUY','C007','O047',119616,to_timestamp('26-AUG-25 06.25.00.000000000 PM','DD-MON-RR HH.MI.SSXFF AM'));
Insert into TRADES (TRADEID,INSTRUMENTID,QUANTITY,EXECUTIONPRICE,DIRECTION,CLIENTID,ORDERID,CASHVALUE,TIMESTAMP) values ('T048','IN053',30000,97.81,'BUY','C008','O048',29343,to_timestamp('26-AUG-25 05.20.00.000000000 PM','DD-MON-RR HH.MI.SSXFF AM'));
Insert into TRADES (TRADEID,INSTRUMENTID,QUANTITY,EXECUTIONPRICE,DIRECTION,CLIENTID,ORDERID,CASHVALUE,TIMESTAMP) values ('T049','IN069',100000,99.98,'BUY','C009','O049',99980,to_timestamp('26-AUG-25 06.50.00.000000000 PM','DD-MON-RR HH.MI.SSXFF AM'));
Insert into TRADES (TRADEID,INSTRUMENTID,QUANTITY,EXECUTIONPRICE,DIRECTION,CLIENTID,ORDERID,CASHVALUE,TIMESTAMP) values ('T050','IN005',70,214.11,'BUY','C001','O050',14987.7,to_timestamp('27-AUG-25 01.50.00.000000000 PM','DD-MON-RR HH.MI.SSXFF AM'));
Insert into TRADES (TRADEID,INSTRUMENTID,QUANTITY,EXECUTIONPRICE,DIRECTION,CLIENTID,ORDERID,CASHVALUE,TIMESTAMP) values ('T051','IN033',25,491.23,'BUY','C001','O051',12280.75,to_timestamp('27-AUG-25 04.10.00.000000000 PM','DD-MON-RR HH.MI.SSXFF AM'));
Insert into TRADES (TRADEID,INSTRUMENTID,QUANTITY,EXECUTIONPRICE,DIRECTION,CLIENTID,ORDERID,CASHVALUE,TIMESTAMP) values ('T052','IN003',50,175.2,'BUY','C001','O072',8760,to_timestamp('25-AUG-25 02.10.00.000000000 PM','DD-MON-RR HH.MI.SSXFF AM'));
Insert into TRADES (TRADEID,INSTRUMENTID,QUANTITY,EXECUTIONPRICE,DIRECTION,CLIENTID,ORDERID,CASHVALUE,TIMESTAMP) values ('T053','IN006',20,745.6,'BUY','C002','O073',14912,to_timestamp('25-AUG-25 02.12.00.000000000 PM','DD-MON-RR HH.MI.SSXFF AM'));
Insert into TRADES (TRADEID,INSTRUMENTID,QUANTITY,EXECUTIONPRICE,DIRECTION,CLIENTID,ORDERID,CASHVALUE,TIMESTAMP) values ('T054','IN009',15,730.25,'BUY','C003','O074',10953.75,to_timestamp('25-AUG-25 02.14.00.000000000 PM','DD-MON-RR HH.MI.SSXFF AM'));
Insert into TRADES (TRADEID,INSTRUMENTID,QUANTITY,EXECUTIONPRICE,DIRECTION,CLIENTID,ORDERID,CASHVALUE,TIMESTAMP) values ('T055','IN010',40,305.5,'BUY','C004','O075',12220,to_timestamp('25-AUG-25 02.16.00.000000000 PM','DD-MON-RR HH.MI.SSXFF AM'));
Insert into TRADES (TRADEID,INSTRUMENTID,QUANTITY,EXECUTIONPRICE,DIRECTION,CLIENTID,ORDERID,CASHVALUE,TIMESTAMP) values ('T056','IN013',30,350.2,'BUY','C005','O076',10506,to_timestamp('25-AUG-25 02.18.00.000000000 PM','DD-MON-RR HH.MI.SSXFF AM'));
Insert into TRADES (TRADEID,INSTRUMENTID,QUANTITY,EXECUTIONPRICE,DIRECTION,CLIENTID,ORDERID,CASHVALUE,TIMESTAMP) values ('T057','IN016',25,305.4,'BUY','C006','O077',7635,to_timestamp('25-AUG-25 02.20.00.000000000 PM','DD-MON-RR HH.MI.SSXFF AM'));
Insert into TRADES (TRADEID,INSTRUMENTID,QUANTITY,EXECUTIONPRICE,DIRECTION,CLIENTID,ORDERID,CASHVALUE,TIMESTAMP) values ('T058','IN017',20,592.1,'BUY','C007','O078',11842,to_timestamp('25-AUG-25 02.22.00.000000000 PM','DD-MON-RR HH.MI.SSXFF AM'));
Insert into TRADES (TRADEID,INSTRUMENTID,QUANTITY,EXECUTIONPRICE,DIRECTION,CLIENTID,ORDERID,CASHVALUE,TIMESTAMP) values ('T059','IN020',30,405.9,'BUY','C008','O079',12177,to_timestamp('25-AUG-25 02.24.00.000000000 PM','DD-MON-RR HH.MI.SSXFF AM'));
Insert into TRADES (TRADEID,INSTRUMENTID,QUANTITY,EXECUTIONPRICE,DIRECTION,CLIENTID,ORDERID,CASHVALUE,TIMESTAMP) values ('T060','IN023',50,209.5,'BUY','C009','O080',10475,to_timestamp('25-AUG-25 02.26.00.000000000 PM','DD-MON-RR HH.MI.SSXFF AM'));
Insert into TRADES (TRADEID,INSTRUMENTID,QUANTITY,EXECUTIONPRICE,DIRECTION,CLIENTID,ORDERID,CASHVALUE,TIMESTAMP) values ('T061','IN026',200,50.5,'BUY','C010','O081',10100,to_timestamp('25-AUG-25 02.28.00.000000000 PM','DD-MON-RR HH.MI.SSXFF AM'));
Insert into TRADES (TRADEID,INSTRUMENTID,QUANTITY,EXECUTIONPRICE,DIRECTION,CLIENTID,ORDERID,CASHVALUE,TIMESTAMP) values ('T062','IN027',10,1215,'BUY','C011','O082',12150,to_timestamp('25-AUG-25 02.30.00.000000000 PM','DD-MON-RR HH.MI.SSXFF AM'));
Insert into TRADES (TRADEID,INSTRUMENTID,QUANTITY,EXECUTIONPRICE,DIRECTION,CLIENTID,ORDERID,CASHVALUE,TIMESTAMP) values ('T072','IN047',50000,99.93,'BUY','C001','O092',49965,to_timestamp('25-AUG-25 02.50.00.000000000 PM','DD-MON-RR HH.MI.SSXFF AM'));
Insert into TRADES (TRADEID,INSTRUMENTID,QUANTITY,EXECUTIONPRICE,DIRECTION,CLIENTID,ORDERID,CASHVALUE,TIMESTAMP) values ('T073','IN050',60000,96.97,'BUY','C002','O093',58182,to_timestamp('25-AUG-25 02.52.00.000000000 PM','DD-MON-RR HH.MI.SSXFF AM'));
Insert into TRADES (TRADEID,INSTRUMENTID,QUANTITY,EXECUTIONPRICE,DIRECTION,CLIENTID,ORDERID,CASHVALUE,TIMESTAMP) values ('T074','IN052',70000,97.52,'BUY','C003','O094',68264,to_timestamp('25-AUG-25 02.54.00.000000000 PM','DD-MON-RR HH.MI.SSXFF AM'));
Insert into TRADES (TRADEID,INSTRUMENTID,QUANTITY,EXECUTIONPRICE,DIRECTION,CLIENTID,ORDERID,CASHVALUE,TIMESTAMP) values ('T075','IN054',80000,98.02,'BUY','C004','O095',78416,to_timestamp('25-AUG-25 02.56.00.000000000 PM','DD-MON-RR HH.MI.SSXFF AM'));
Insert into TRADES (TRADEID,INSTRUMENTID,QUANTITY,EXECUTIONPRICE,DIRECTION,CLIENTID,ORDERID,CASHVALUE,TIMESTAMP) values ('T076','IN012',50,304.11,'SELL','C001','O052',15205.5,to_timestamp('27-AUG-25 10.00.00.000000000 AM','DD-MON-RR HH.MI.SSXFF AM'));
Insert into TRADES (TRADEID,INSTRUMENTID,QUANTITY,EXECUTIONPRICE,DIRECTION,CLIENTID,ORDERID,CASHVALUE,TIMESTAMP) values ('T077','IN021',10,951.21,'SELL','C002','O053',9512.1,to_timestamp('28-AUG-25 10.05.00.000000000 AM','DD-MON-RR HH.MI.SSXFF AM'));
Insert into TRADES (TRADEID,INSTRUMENTID,QUANTITY,EXECUTIONPRICE,DIRECTION,CLIENTID,ORDERID,CASHVALUE,TIMESTAMP) values ('T078','IN038',100,69.65,'SELL','C003','O054',6965,to_timestamp('29-AUG-25 10.10.00.000000000 AM','DD-MON-RR HH.MI.SSXFF AM'));
Insert into TRADES (TRADEID,INSTRUMENTID,QUANTITY,EXECUTIONPRICE,DIRECTION,CLIENTID,ORDERID,CASHVALUE,TIMESTAMP) values ('T079','IN002',20,235.11,'SELL','C004','O055',4702.2,to_timestamp('29-AUG-25 10.15.00.000000000 AM','DD-MON-RR HH.MI.SSXFF AM'));
Insert into TRADES (TRADEID,INSTRUMENTID,QUANTITY,EXECUTIONPRICE,DIRECTION,CLIENTID,ORDERID,CASHVALUE,TIMESTAMP) values ('T080','IN019',30,157.99,'SELL','C005','O056',4739.7,to_timestamp('29-AUG-25 10.20.00.000000000 AM','DD-MON-RR HH.MI.SSXFF AM'));
Insert into TRADES (TRADEID,INSTRUMENTID,QUANTITY,EXECUTIONPRICE,DIRECTION,CLIENTID,ORDERID,CASHVALUE,TIMESTAMP) values ('T081','IN031',15,489.01,'SELL','C006','O057',7335.15,to_timestamp('29-AUG-25 10.25.00.000000000 AM','DD-MON-RR HH.MI.SSXFF AM'));
Insert into TRADES (TRADEID,INSTRUMENTID,QUANTITY,EXECUTIONPRICE,DIRECTION,CLIENTID,ORDERID,CASHVALUE,TIMESTAMP) values ('T082','IN008',10,503.43,'SELL','C007','O058',5034.3,to_timestamp('28-AUG-25 10.30.00.000000000 AM','DD-MON-RR HH.MI.SSXFF AM'));
Insert into TRADES (TRADEID,INSTRUMENTID,QUANTITY,EXECUTIONPRICE,DIRECTION,CLIENTID,ORDERID,CASHVALUE,TIMESTAMP) values ('T083','IN025',25,255.99,'SELL','C008','O059',6399.75,to_timestamp('28-AUG-25 10.35.00.000000000 AM','DD-MON-RR HH.MI.SSXFF AM'));
Insert into TRADES (TRADEID,INSTRUMENTID,QUANTITY,EXECUTIONPRICE,DIRECTION,CLIENTID,ORDERID,CASHVALUE,TIMESTAMP) values ('T084','IN035',100,119.01,'SELL','C009','O060',11901,to_timestamp('29-AUG-25 10.40.00.000000000 AM','DD-MON-RR HH.MI.SSXFF AM'));
Insert into TRADES (TRADEID,INSTRUMENTID,QUANTITY,EXECUTIONPRICE,DIRECTION,CLIENTID,ORDERID,CASHVALUE,TIMESTAMP) values ('T085','IN011',20,341.99,'SELL','C010','O061',6839.8,to_timestamp('28-AUG-25 10.45.00.000000000 AM','DD-MON-RR HH.MI.SSXFF AM'));
Insert into TRADES (TRADEID,INSTRUMENTID,QUANTITY,EXECUTIONPRICE,DIRECTION,CLIENTID,ORDERID,CASHVALUE,TIMESTAMP) values ('T086','IN001',30,507.88,'SELL','C011','O062',15236.4,to_timestamp('29-AUG-25 10.50.00.000000000 AM','DD-MON-RR HH.MI.SSXFF AM'));
Insert into TRADES (TRADEID,INSTRUMENTID,QUANTITY,EXECUTIONPRICE,DIRECTION,CLIENTID,ORDERID,CASHVALUE,TIMESTAMP) values ('T096','IN003',20,178.01,'SELL','C001','O121',3560.2,to_timestamp('29-AUG-25 11.40.00.000000000 AM','DD-MON-RR HH.MI.SSXFF AM'));
Insert into TRADES (TRADEID,INSTRUMENTID,QUANTITY,EXECUTIONPRICE,DIRECTION,CLIENTID,ORDERID,CASHVALUE,TIMESTAMP) values ('T097','IN006',10,744.01,'SELL','C002','O122',7440.1,to_timestamp('29-AUG-25 11.45.00.000000000 AM','DD-MON-RR HH.MI.SSXFF AM'));
Insert into TRADES (TRADEID,INSTRUMENTID,QUANTITY,EXECUTIONPRICE,DIRECTION,CLIENTID,ORDERID,CASHVALUE,TIMESTAMP) values ('T098','IN009',5,734.01,'SELL','C003','O123',3670.05,to_timestamp('29-AUG-25 11.50.00.000000000 AM','DD-MON-RR HH.MI.SSXFF AM'));
Insert into TRADES (TRADEID,INSTRUMENTID,QUANTITY,EXECUTIONPRICE,DIRECTION,CLIENTID,ORDERID,CASHVALUE,TIMESTAMP) values ('T099','IN010',15,307.54,'SELL','C004','O124',4613.1,to_timestamp('29-AUG-25 11.55.00.000000000 AM','DD-MON-RR HH.MI.SSXFF AM'));
Insert into TRADES (TRADEID,INSTRUMENTID,QUANTITY,EXECUTIONPRICE,DIRECTION,CLIENTID,ORDERID,CASHVALUE,TIMESTAMP) values ('T100','IN013',10,356.21,'SELL','C005','O125',3562.1,to_timestamp('29-AUG-25 12.00.00.000000000 PM','DD-MON-RR HH.MI.SSXFF AM'));
Insert into TRADES (TRADEID,INSTRUMENTID,QUANTITY,EXECUTIONPRICE,DIRECTION,CLIENTID,ORDERID,CASHVALUE,TIMESTAMP) values ('9ee26e0a-c9ab-4c88-ae54-833c9f23bf67','IN001',100,508.13,'BUY','C001',null,50813,to_timestamp('08-SEP-25 11.47.56.713324000 AM','DD-MON-RR HH.MI.SSXFF AM'));
Insert into TRADES (TRADEID,INSTRUMENTID,QUANTITY,EXECUTIONPRICE,DIRECTION,CLIENTID,ORDERID,CASHVALUE,TIMESTAMP) values ('6ckys443kap-3c6x745ryrp-t6igr7urho','IN001',100,172.55,'BUY','C001','2ca65977-867c-4925-874f-842ece45ee55',17427.55,to_timestamp('08-SEP-25 01.41.33.515495000 PM','DD-MON-RR HH.MI.SSXFF AM'));
Insert into TRADES (TRADEID,INSTRUMENTID,QUANTITY,EXECUTIONPRICE,DIRECTION,CLIENTID,ORDERID,CASHVALUE,TIMESTAMP) values ('sowqg76u2w-4h1mpyfzm3v-fcj273ibtzd','IN002',1,236.4,'SELL','C20','a3970b85-6395-46a0-869b-9c34fb33de48',238.764,to_timestamp('08-SEP-25 03.15.32.461816000 PM','DD-MON-RR HH.MI.SSXFF AM'));
Insert into TRADES (TRADEID,INSTRUMENTID,QUANTITY,EXECUTIONPRICE,DIRECTION,CLIENTID,ORDERID,CASHVALUE,TIMESTAMP) values ('xssm2ofb1p-22ivezs6vxq-bpchtwqzhw8','IN002',11,236.45,'BUY','C20','79bc2f52-8027-4e61-8bf5-62f1c2ff8faf',2626.9595,to_timestamp('08-SEP-25 03.27.51.968270000 PM','DD-MON-RR HH.MI.SSXFF AM'));
Insert into TRADES (TRADEID,INSTRUMENTID,QUANTITY,EXECUTIONPRICE,DIRECTION,CLIENTID,ORDERID,CASHVALUE,TIMESTAMP) values ('dp0o9oahx2p-zenhnt6o37n-gtbazn3tgf4','IN002',20,236.4,'SELL','C20','75c31327-d7d5-4b71-b218-049a9668f97b',4775.28,to_timestamp('08-SEP-25 03.28.27.376945000 PM','DD-MON-RR HH.MI.SSXFF AM'));
Insert into TRADES (TRADEID,INSTRUMENTID,QUANTITY,EXECUTIONPRICE,DIRECTION,CLIENTID,ORDERID,CASHVALUE,TIMESTAMP) values ('yi441vm6n1-v6troj0ur1j-rt5esmmhx6','IN002',8,236.45,'BUY','C20','55062ba4-d9e6-4208-8532-4597e3c79bb8',1910.516,to_timestamp('08-SEP-25 03.29.01.173321000 PM','DD-MON-RR HH.MI.SSXFF AM'));
Insert into TRADES (TRADEID,INSTRUMENTID,QUANTITY,EXECUTIONPRICE,DIRECTION,CLIENTID,ORDERID,CASHVALUE,TIMESTAMP) values ('daxi2f54fnu-xck7xnl5wun-afqkme645io','IN002',1000,236.45,'BUY','C001','0d94c970-bc61-4600-9eb2-10c626ab7d9c',238814.5,to_timestamp('09-SEP-25 09.58.15.948162000 AM','DD-MON-RR HH.MI.SSXFF AM'));
Insert into TRADES (TRADEID,INSTRUMENTID,QUANTITY,EXECUTIONPRICE,DIRECTION,CLIENTID,ORDERID,CASHVALUE,TIMESTAMP) values ('pi06adawhm-7nxxwsy7e4k-ubwnqk5bbkj','IN002',1000,236.45,'BUY','C001','6e4e3fc0-bba2-4efa-acdc-83efdab36c0f',238814.5,to_timestamp('09-SEP-25 09.58.28.075568000 AM','DD-MON-RR HH.MI.SSXFF AM'));
Insert into TRADES (TRADEID,INSTRUMENTID,QUANTITY,EXECUTIONPRICE,DIRECTION,CLIENTID,ORDERID,CASHVALUE,TIMESTAMP) values ('ra1jazomess-gh1hqr8nfh-r9crd55kcbe','IN002',1000,236.45,'BUY','C001','e2cda762-f894-4ca6-a737-2539644e8617',238814.5,to_timestamp('09-SEP-25 10.16.09.737984000 AM','DD-MON-RR HH.MI.SSXFF AM'));
Insert into TRADES (TRADEID,INSTRUMENTID,QUANTITY,EXECUTIONPRICE,DIRECTION,CLIENTID,ORDERID,CASHVALUE,TIMESTAMP) values ('e1i0ywcjqbn-qohij5d4uy8-ibug6qvxe3f','IN093',44599,600,'BUY','C27','f127b532-ebe4-4448-a960-4715d28a132f',27026994,to_timestamp('18-SEP-25 11.30.20.313445000 PM','DD-MON-RR HH.MI.SSXFF AM'));
Insert into TRADES (TRADEID,INSTRUMENTID,QUANTITY,EXECUTIONPRICE,DIRECTION,CLIENTID,ORDERID,CASHVALUE,TIMESTAMP) values ('z1m6wnm7ew-i2vjlbse4v-lmk3p6t550c','IN005',558,262.16,'BUY','C27','f7cf2b80-f54e-4651-acc3-770ee6995968',147748.1328,to_timestamp('19-SEP-25 12.25.44.123135000 AM','DD-MON-RR HH.MI.SSXFF AM'));
Insert into TRADES (TRADEID,INSTRUMENTID,QUANTITY,EXECUTIONPRICE,DIRECTION,CLIENTID,ORDERID,CASHVALUE,TIMESTAMP) values ('mt5mnjlp7w-b4djj67hdhn-3mjuf6o8jsk','IN005',558,262.16,'BUY','C27','4b95202c-aba8-4bda-927b-d20786467134',147748.1328,to_timestamp('19-SEP-25 12.26.37.358493000 AM','DD-MON-RR HH.MI.SSXFF AM'));
Insert into TRADES (TRADEID,INSTRUMENTID,QUANTITY,EXECUTIONPRICE,DIRECTION,CLIENTID,ORDERID,CASHVALUE,TIMESTAMP) values ('b10e9954-9f43-430e-850d-bc22e3b2c68b','IN001',9,507.88,'SELL','C002',null,4570.92,to_timestamp('04-SEP-25 08.49.32.596746000 AM','DD-MON-RR HH.MI.SSXFF AM'));
Insert into TRADES (TRADEID,INSTRUMENTID,QUANTITY,EXECUTIONPRICE,DIRECTION,CLIENTID,ORDERID,CASHVALUE,TIMESTAMP) values ('82cca011-f59f-450d-b75c-a5b767009e6d','IN050',60000,96.97,'SELL','C002',null,5818200,to_timestamp('04-SEP-25 08.50.07.935084000 AM','DD-MON-RR HH.MI.SSXFF AM'));
Insert into TRADES (TRADEID,INSTRUMENTID,QUANTITY,EXECUTIONPRICE,DIRECTION,CLIENTID,ORDERID,CASHVALUE,TIMESTAMP) values ('e950ee74-d635-47e9-a0e0-2c211f110f64','IN091',24150,100,'BUY','C002',null,2415000,to_timestamp('04-SEP-25 08.51.24.118629000 AM','DD-MON-RR HH.MI.SSXFF AM'));
Insert into TRADES (TRADEID,INSTRUMENTID,QUANTITY,EXECUTIONPRICE,DIRECTION,CLIENTID,ORDERID,CASHVALUE,TIMESTAMP) values ('7b7d9eaf-dbf4-4433-97f8-f64fa439b3f8','IN084',250000,600,'BUY','C002',null,150000000,to_timestamp('04-SEP-25 09.35.24.472386000 AM','DD-MON-RR HH.MI.SSXFF AM'));
Insert into TRADES (TRADEID,INSTRUMENTID,QUANTITY,EXECUTIONPRICE,DIRECTION,CLIENTID,ORDERID,CASHVALUE,TIMESTAMP) values ('d18ba984-6516-4901-8280-5518fae8e09e','IN084',250000,600,'SELL','C002',null,150000000,to_timestamp('04-SEP-25 09.45.20.758610000 AM','DD-MON-RR HH.MI.SSXFF AM'));
Insert into TRADES (TRADEID,INSTRUMENTID,QUANTITY,EXECUTIONPRICE,DIRECTION,CLIENTID,ORDERID,CASHVALUE,TIMESTAMP) values ('05d71b6a-f9ef-4686-be1d-f9e7ac8985d1','IN007',7414,263.26,'BUY','C002',null,1951809.64,to_timestamp('04-SEP-25 09.52.21.408235000 AM','DD-MON-RR HH.MI.SSXFF AM'));
Insert into TRADES (TRADEID,INSTRUMENTID,QUANTITY,EXECUTIONPRICE,DIRECTION,CLIENTID,ORDERID,CASHVALUE,TIMESTAMP) values ('3d927d46-2e2c-4351-9276-33cf06a18ecc','IN007',3739,263.6,'SELL','C002',null,985600.4,to_timestamp('04-SEP-25 10.09.13.940083000 AM','DD-MON-RR HH.MI.SSXFF AM'));
Insert into TRADES (TRADEID,INSTRUMENTID,QUANTITY,EXECUTIONPRICE,DIRECTION,CLIENTID,ORDERID,CASHVALUE,TIMESTAMP) values ('0550b62f-4903-470f-ad86-2b7a6ef6e3da','IN003',5190,675.29,'BUY','C002',null,3504755.1,to_timestamp('04-SEP-25 02.56.36.901028000 PM','DD-MON-RR HH.MI.SSXFF AM'));
Insert into TRADES (TRADEID,INSTRUMENTID,QUANTITY,EXECUTIONPRICE,DIRECTION,CLIENTID,ORDERID,CASHVALUE,TIMESTAMP) values ('7cb4c3d8-7de0-4697-b0b9-477650d7c036','IN015',4017,97.86,'BUY','C002',null,393103.62,to_timestamp('04-SEP-25 04.49.42.937601000 PM','DD-MON-RR HH.MI.SSXFF AM'));
Insert into TRADES (TRADEID,INSTRUMENTID,QUANTITY,EXECUTIONPRICE,DIRECTION,CLIENTID,ORDERID,CASHVALUE,TIMESTAMP) values ('61679dc2-56cb-4254-a379-acd803ebb67c','IN002',10000,236.62,'BUY','C002',null,2366200,to_timestamp('07-SEP-25 10.21.12.081347000 PM','DD-MON-RR HH.MI.SSXFF AM'));
Insert into TRADES (TRADEID,INSTRUMENTID,QUANTITY,EXECUTIONPRICE,DIRECTION,CLIENTID,ORDERID,CASHVALUE,TIMESTAMP) values ('6dd82446-e39b-4705-addd-eb1261595a05','IN002',100,236.1,'SELL','C001',null,23610,to_timestamp('07-SEP-25 10.21.17.298145000 PM','DD-MON-RR HH.MI.SSXFF AM'));
Insert into TRADES (TRADEID,INSTRUMENTID,QUANTITY,EXECUTIONPRICE,DIRECTION,CLIENTID,ORDERID,CASHVALUE,TIMESTAMP) values ('5e587a0c-8975-4ffb-9a3b-7fdff6cd41a8','IN078',11484,600,'SELL','C001',null,6890400,to_timestamp('07-SEP-25 10.24.02.485103000 PM','DD-MON-RR HH.MI.SSXFF AM'));
Insert into TRADES (TRADEID,INSTRUMENTID,QUANTITY,EXECUTIONPRICE,DIRECTION,CLIENTID,ORDERID,CASHVALUE,TIMESTAMP) values ('b5d72b5c-1f52-4509-bb4c-0f932684e274','IN014',10000,113.94,'BUY','C002',null,1139400,to_timestamp('07-SEP-25 10.25.39.198895000 PM','DD-MON-RR HH.MI.SSXFF AM'));
Insert into TRADES (TRADEID,INSTRUMENTID,QUANTITY,EXECUTIONPRICE,DIRECTION,CLIENTID,ORDERID,CASHVALUE,TIMESTAMP) values ('3dcb9a15-ccf3-4ac9-ab17-ffc7df49910e','IN014',100,113.94,'BUY','C001',null,11394,to_timestamp('07-SEP-25 11.13.06.324911000 PM','DD-MON-RR HH.MI.SSXFF AM'));
Insert into TRADES (TRADEID,INSTRUMENTID,QUANTITY,EXECUTIONPRICE,DIRECTION,CLIENTID,ORDERID,CASHVALUE,TIMESTAMP) values ('37423bb8-0e76-4a30-8c8f-402ae7e01f04','IN002',100,236.1,'SELL','C002',null,23610,to_timestamp('07-SEP-25 11.13.27.099813000 PM','DD-MON-RR HH.MI.SSXFF AM'));
Insert into TRADES (TRADEID,INSTRUMENTID,QUANTITY,EXECUTIONPRICE,DIRECTION,CLIENTID,ORDERID,CASHVALUE,TIMESTAMP) values ('59bd12e0-7383-406c-ad1c-d25beee8c520','IN013',1,356.39,'BUY','C001',null,356.39,to_timestamp('07-SEP-25 11.23.04.250438000 PM','DD-MON-RR HH.MI.SSXFF AM'));
Insert into TRADES (TRADEID,INSTRUMENTID,QUANTITY,EXECUTIONPRICE,DIRECTION,CLIENTID,ORDERID,CASHVALUE,TIMESTAMP) values ('5d75188e-6883-4276-af4a-c613e5f25be3','IN013',6536,356.39,'BUY','C001',null,2329365.04,to_timestamp('07-SEP-25 11.23.24.600041000 PM','DD-MON-RR HH.MI.SSXFF AM'));
Insert into TRADES (TRADEID,INSTRUMENTID,QUANTITY,EXECUTIONPRICE,DIRECTION,CLIENTID,ORDERID,CASHVALUE,TIMESTAMP) values ('639588fa-1300-4d69-88dd-dc17f7f27759','IN001',100,508.13,'BUY','C001',null,50813,to_timestamp('08-SEP-25 10.43.37.886677000 AM','DD-MON-RR HH.MI.SSXFF AM'));
Insert into TRADES (TRADEID,INSTRUMENTID,QUANTITY,EXECUTIONPRICE,DIRECTION,CLIENTID,ORDERID,CASHVALUE,TIMESTAMP) values ('aa81ea7a-258b-4360-ba77-f7e4fe50bdc9','IN001',100,508.13,'BUY','C001',null,50813,to_timestamp('08-SEP-25 10.50.09.822506000 AM','DD-MON-RR HH.MI.SSXFF AM'));
Insert into TRADES (TRADEID,INSTRUMENTID,QUANTITY,EXECUTIONPRICE,DIRECTION,CLIENTID,ORDERID,CASHVALUE,TIMESTAMP) values ('cd5f9b41-f7a5-4c01-bf39-ee195a33da17','IN001',100,508.13,'BUY','C001',null,50813,to_timestamp('08-SEP-25 10.51.14.257531000 AM','DD-MON-RR HH.MI.SSXFF AM'));
Insert into TRADES (TRADEID,INSTRUMENTID,QUANTITY,EXECUTIONPRICE,DIRECTION,CLIENTID,ORDERID,CASHVALUE,TIMESTAMP) values ('e6c94fee-5860-4abc-afe7-7564d9b37c08','IN001',100,507.88,'SELL','C001',null,50788,to_timestamp('08-SEP-25 10.51.58.172551000 AM','DD-MON-RR HH.MI.SSXFF AM'));
Insert into TRADES (TRADEID,INSTRUMENTID,QUANTITY,EXECUTIONPRICE,DIRECTION,CLIENTID,ORDERID,CASHVALUE,TIMESTAMP) values ('d720e892-85d6-4c47-ac0e-6e546d6f3422','IN001',100,507.88,'SELL','C001',null,50788,to_timestamp('08-SEP-25 10.54.07.399048000 AM','DD-MON-RR HH.MI.SSXFF AM'));
Insert into TRADES (TRADEID,INSTRUMENTID,QUANTITY,EXECUTIONPRICE,DIRECTION,CLIENTID,ORDERID,CASHVALUE,TIMESTAMP) values ('398bc4dd-9f2a-4393-a351-bbb1695e00f2','IN001',100,508.13,'BUY','C001',null,50813,to_timestamp('08-SEP-25 11.08.28.839529000 AM','DD-MON-RR HH.MI.SSXFF AM'));
Insert into TRADES (TRADEID,INSTRUMENTID,QUANTITY,EXECUTIONPRICE,DIRECTION,CLIENTID,ORDERID,CASHVALUE,TIMESTAMP) values ('0w1n0kb8igtg-7v0b4q31mak-5bhapi2dshu','IN001',1011,501.7,'BUY','C28','639132a8-4f57-40be-8b93-5651a0c81fa2',512290.887,to_timestamp('18-SEP-25 03.29.51.523410000 PM','DD-MON-RR HH.MI.SSXFF AM'));
Insert into TRADES (TRADEID,INSTRUMENTID,QUANTITY,EXECUTIONPRICE,DIRECTION,CLIENTID,ORDERID,CASHVALUE,TIMESTAMP) values ('tsec0sur9k-sr1kagn7v8m-vm224okcytg','IN002',5,235.33,'BUY','C28','f9320375-29b9-4a79-a1e8-5ebf9d52d9e2',1188.4165,to_timestamp('18-SEP-25 04.17.20.397914000 PM','DD-MON-RR HH.MI.SSXFF AM'));
Insert into TRADES (TRADEID,INSTRUMENTID,QUANTITY,EXECUTIONPRICE,DIRECTION,CLIENTID,ORDERID,CASHVALUE,TIMESTAMP) values ('pd48x3zdjza-qv7d8aabkz-f7wfyor1ok8','IN098',72287,600,'BUY','C27','0487e942-99c0-4d12-8340-ed2f73970d81',43805922,to_timestamp('18-SEP-25 11.30.15.126920000 PM','DD-MON-RR HH.MI.SSXFF AM'));
Insert into TRADES (TRADEID,INSTRUMENTID,QUANTITY,EXECUTIONPRICE,DIRECTION,CLIENTID,ORDERID,CASHVALUE,TIMESTAMP) values ('udy5brm7428-1y0u7uyadqs-sr86n35l4hr','IN077',78440,600,'BUY','C27','a504c4d2-d482-4ca7-bb4f-25cb4b9e8df1',47534640,to_timestamp('18-SEP-25 11.30.26.254364000 PM','DD-MON-RR HH.MI.SSXFF AM'));
Insert into TRADES (TRADEID,INSTRUMENTID,QUANTITY,EXECUTIONPRICE,DIRECTION,CLIENTID,ORDERID,CASHVALUE,TIMESTAMP) values ('duzqcg59ee-tmdra58lsws-cfa4l2o1fsl','IN002',1711,235.33,'BUY','C27','28190f8e-1a21-453c-96d8-ffcd1b5c2667',406676.1263,to_timestamp('18-SEP-25 11.30.48.206000000 PM','DD-MON-RR HH.MI.SSXFF AM'));
Insert into TRADES (TRADEID,INSTRUMENTID,QUANTITY,EXECUTIONPRICE,DIRECTION,CLIENTID,ORDERID,CASHVALUE,TIMESTAMP) values ('vbwxspdzxl-gi6ug3a1hdj-pvumq7n92pe','IN006',5829,745.97,'BUY','C27','06b136a7-47fd-4ca4-888c-8d58deb5c2ae',4391741.7213,to_timestamp('19-SEP-25 12.15.37.347731000 AM','DD-MON-RR HH.MI.SSXFF AM'));
Insert into TRADES (TRADEID,INSTRUMENTID,QUANTITY,EXECUTIONPRICE,DIRECTION,CLIENTID,ORDERID,CASHVALUE,TIMESTAMP) values ('tfu8ym23g-i0cjku5hnkb-y89c5l4dfgm','IN002',1000,235.33,'BUY','C001','2d9db1e9-bdef-416c-a315-bffe57cfc592',237683.3,to_timestamp('19-SEP-25 12.22.49.881840000 AM','DD-MON-RR HH.MI.SSXFF AM'));
Insert into TRADES (TRADEID,INSTRUMENTID,QUANTITY,EXECUTIONPRICE,DIRECTION,CLIENTID,ORDERID,CASHVALUE,TIMESTAMP) values ('5j6ikbez068-yshapgdwwa-uv2rau6832l','IN008',1052,502.05,'BUY','C27','b0134d5c-81ce-4815-8798-814a526c7e02',533438.166,to_timestamp('19-SEP-25 12.25.10.115328000 AM','DD-MON-RR HH.MI.SSXFF AM'));
Insert into TRADES (TRADEID,INSTRUMENTID,QUANTITY,EXECUTIONPRICE,DIRECTION,CLIENTID,ORDERID,CASHVALUE,TIMESTAMP) values ('e6f83ba7-ce0c-437d-a23b-39f8b3b0ca81','IN002',100,235.23,'BUY','C001',null,23523,to_timestamp('01-SEP-25 11.47.17.923667000 PM','DD-MON-RR HH.MI.SSXFF AM'));
Insert into TRADES (TRADEID,INSTRUMENTID,QUANTITY,EXECUTIONPRICE,DIRECTION,CLIENTID,ORDERID,CASHVALUE,TIMESTAMP) values ('cb476f12-069a-4ddf-a5f1-9fed1f998de4','IN002',100,235.11,'SELL','C001',null,23511,to_timestamp('01-SEP-25 11.56.11.962546000 PM','DD-MON-RR HH.MI.SSXFF AM'));
Insert into TRADES (TRADEID,INSTRUMENTID,QUANTITY,EXECUTIONPRICE,DIRECTION,CLIENTID,ORDERID,CASHVALUE,TIMESTAMP) values ('0aa6cc85-ce75-451f-ab13-11cf2fe4cce5','IN002',1000,235.23,'BUY','C002',null,235230,to_timestamp('03-SEP-25 04.37.15.636619000 PM','DD-MON-RR HH.MI.SSXFF AM'));
Insert into TRADES (TRADEID,INSTRUMENTID,QUANTITY,EXECUTIONPRICE,DIRECTION,CLIENTID,ORDERID,CASHVALUE,TIMESTAMP) values ('774f12ae-18f3-4956-aee3-334a09bd7bee','IN002',10000,235.23,'BUY','C002',null,2352300,to_timestamp('03-SEP-25 04.37.40.817719000 PM','DD-MON-RR HH.MI.SSXFF AM'));
Insert into TRADES (TRADEID,INSTRUMENTID,QUANTITY,EXECUTIONPRICE,DIRECTION,CLIENTID,ORDERID,CASHVALUE,TIMESTAMP) values ('576192f9-dbc1-4405-9463-950a5bd040df','IN002',10000,235.23,'BUY','C002',null,2352300,to_timestamp('03-SEP-25 04.37.56.601424000 PM','DD-MON-RR HH.MI.SSXFF AM'));
Insert into TRADES (TRADEID,INSTRUMENTID,QUANTITY,EXECUTIONPRICE,DIRECTION,CLIENTID,ORDERID,CASHVALUE,TIMESTAMP) values ('a523e6c8-90e0-4ff3-929d-01e28329e7c5','IN002',10000,235.23,'BUY','C002',null,2352300,to_timestamp('03-SEP-25 04.38.07.028164000 PM','DD-MON-RR HH.MI.SSXFF AM'));
Insert into TRADES (TRADEID,INSTRUMENTID,QUANTITY,EXECUTIONPRICE,DIRECTION,CLIENTID,ORDERID,CASHVALUE,TIMESTAMP) values ('8b8e6b77-0ac4-4905-9690-0e94c2479f1d','IN005',1,215.1,'BUY','C002',null,215.1,to_timestamp('04-SEP-25 01.19.45.247747000 AM','DD-MON-RR HH.MI.SSXFF AM'));
Insert into TRADES (TRADEID,INSTRUMENTID,QUANTITY,EXECUTIONPRICE,DIRECTION,CLIENTID,ORDERID,CASHVALUE,TIMESTAMP) values ('16ae348e-4158-4d34-bba0-3b85f7aa9a1f','IN016',3605,301.69,'BUY','C002',null,1087592.45,to_timestamp('04-SEP-25 01.20.12.607582000 AM','DD-MON-RR HH.MI.SSXFF AM'));
Insert into TRADES (TRADEID,INSTRUMENTID,QUANTITY,EXECUTIONPRICE,DIRECTION,CLIENTID,ORDERID,CASHVALUE,TIMESTAMP) values ('0452c41b-4ebb-41c2-b70d-56d1006961e3','IN014',10000,113.94,'BUY','C002',null,1139400,to_timestamp('04-SEP-25 01.21.21.877529000 AM','DD-MON-RR HH.MI.SSXFF AM'));
Insert into TRADES (TRADEID,INSTRUMENTID,QUANTITY,EXECUTIONPRICE,DIRECTION,CLIENTID,ORDERID,CASHVALUE,TIMESTAMP) values ('367e134f-5aaa-4c01-ae1f-076ddb780a99','IN014',10000,113.88,'SELL','C002',null,1138800,to_timestamp('04-SEP-25 01.21.37.435627000 AM','DD-MON-RR HH.MI.SSXFF AM'));
Insert into TRADES (TRADEID,INSTRUMENTID,QUANTITY,EXECUTIONPRICE,DIRECTION,CLIENTID,ORDERID,CASHVALUE,TIMESTAMP) values ('868c3bce-49ca-4643-acd8-8dcc3daba89e','IN012',3324,304.26,'BUY','C002',null,1011360.24,to_timestamp('07-SEP-25 12.43.58.596748000 AM','DD-MON-RR HH.MI.SSXFF AM'));
Insert into TRADES (TRADEID,INSTRUMENTID,QUANTITY,EXECUTIONPRICE,DIRECTION,CLIENTID,ORDERID,CASHVALUE,TIMESTAMP) values ('947658bf-19f8-4fe9-bd84-f9affcc41187','IN017',10000,596.29,'BUY','C002',null,5962900,to_timestamp('07-SEP-25 12.44.13.789124000 AM','DD-MON-RR HH.MI.SSXFF AM'));
Insert into TRADES (TRADEID,INSTRUMENTID,QUANTITY,EXECUTIONPRICE,DIRECTION,CLIENTID,ORDERID,CASHVALUE,TIMESTAMP) values ('27256387-fc46-42b7-86ab-649fc482b925','IN011',2637,340.28,'BUY','C001',null,897318.36,to_timestamp('07-SEP-25 10.24.18.018770000 PM','DD-MON-RR HH.MI.SSXFF AM'));
Insert into TRADES (TRADEID,INSTRUMENTID,QUANTITY,EXECUTIONPRICE,DIRECTION,CLIENTID,ORDERID,CASHVALUE,TIMESTAMP) values ('0eb6cbfe-c006-4d19-a1fe-906fa33ab661','IN083',250,600,'BUY','C001',null,150000,to_timestamp('07-SEP-25 10.24.32.488013000 PM','DD-MON-RR HH.MI.SSXFF AM'));
Insert into TRADES (TRADEID,INSTRUMENTID,QUANTITY,EXECUTIONPRICE,DIRECTION,CLIENTID,ORDERID,CASHVALUE,TIMESTAMP) values ('ba2b53c2-bea2-4aad-8b5d-67368f096342','IN014',100,113.94,'BUY','C001',null,11394,to_timestamp('07-SEP-25 10.27.04.705714000 PM','DD-MON-RR HH.MI.SSXFF AM'));
Insert into TRADES (TRADEID,INSTRUMENTID,QUANTITY,EXECUTIONPRICE,DIRECTION,CLIENTID,ORDERID,CASHVALUE,TIMESTAMP) values ('8b1c4956-64bd-483c-82ee-f2dc81b5dafe','IN001',100,507.88,'SELL','C001',null,50788,to_timestamp('08-SEP-25 10.54.07.426391000 AM','DD-MON-RR HH.MI.SSXFF AM'));
Insert into TRADES (TRADEID,INSTRUMENTID,QUANTITY,EXECUTIONPRICE,DIRECTION,CLIENTID,ORDERID,CASHVALUE,TIMESTAMP) values ('lpnqws0s1ea-j1d0w8gvtbn-rqljuk9cwgm','IN002',1011,236.45,'BUY','C001','88485d80-20ec-4826-80ef-832f34cdd706',241441.4595,to_timestamp('08-SEP-25 01.59.07.818172000 PM','DD-MON-RR HH.MI.SSXFF AM'));
Insert into TRADES (TRADEID,INSTRUMENTID,QUANTITY,EXECUTIONPRICE,DIRECTION,CLIENTID,ORDERID,CASHVALUE,TIMESTAMP) values ('u88rnhj9sk-starlxhmjsp-swgx1wjvcy','IN002',1,236.45,'BUY','C001','dc52900a-0735-4805-a815-7f2c908c8c78',238.8145,to_timestamp('18-SEP-25 11.16.35.468088000 AM','DD-MON-RR HH.MI.SSXFF AM'));
Insert into TRADES (TRADEID,INSTRUMENTID,QUANTITY,EXECUTIONPRICE,DIRECTION,CLIENTID,ORDERID,CASHVALUE,TIMESTAMP) values ('nfm6h8ehlz-5yn1h6v4ef-fswg6cyqrco','IN001',397,501.45,'SELL','C28','4e30f5b2-2b89-4345-8633-a6fc21fda8f6',201066.4065,to_timestamp('18-SEP-25 03.30.18.922301000 PM','DD-MON-RR HH.MI.SSXFF AM'));
Insert into TRADES (TRADEID,INSTRUMENTID,QUANTITY,EXECUTIONPRICE,DIRECTION,CLIENTID,ORDERID,CASHVALUE,TIMESTAMP) values ('t3vxg81ulpk-hzt40c915-83geqhsuov2','IN098',1000,600,'BUY','C28','bc34cb39-1f3e-4b50-ba6d-e59ac65dc272',606000,to_timestamp('18-SEP-25 10.36.26.379203000 PM','DD-MON-RR HH.MI.SSXFF AM'));
Insert into TRADES (TRADEID,INSTRUMENTID,QUANTITY,EXECUTIONPRICE,DIRECTION,CLIENTID,ORDERID,CASHVALUE,TIMESTAMP) values ('iqtr6mqa65d-3da2mf11o3y-xsvdm2iwjgm','IN001',1,501.7,'BUY','C001','c476f070-a750-4a39-8c24-2f1acf0fb67b',506.717,to_timestamp('19-SEP-25 01.47.06.721190000 PM','DD-MON-RR HH.MI.SSXFF AM'));
Insert into TRADES (TRADEID,INSTRUMENTID,QUANTITY,EXECUTIONPRICE,DIRECTION,CLIENTID,ORDERID,CASHVALUE,TIMESTAMP) values ('p5ttrtzi15j-7p3nqixg05u-be908od598b','IN007',3217,263.26,'BUY','C001','0f15ceb0-635a-4971-a128-4d6abcdec50b',855376.4942,to_timestamp('19-SEP-25 02.53.17.696297000 PM','DD-MON-RR HH.MI.SSXFF AM'));
Insert into TRADES (TRADEID,INSTRUMENTID,QUANTITY,EXECUTIONPRICE,DIRECTION,CLIENTID,ORDERID,CASHVALUE,TIMESTAMP) values ('06d8a2ugcb2e-wd9mrcrppls-wdf44mbw2','IN001',813,501.45,'SELL','C001','0bd1cd47-1456-4428-a46b-17d46a4e0eea',411755.6385,to_timestamp('19-SEP-25 02.53.54.463849000 PM','DD-MON-RR HH.MI.SSXFF AM'));
REM INSERTING into WALLETS
SET DEFINE OFF;
Insert into WALLETS (CLIENTID,BALANCE) values ('C18',30000);
Insert into WALLETS (CLIENTID,BALANCE) values ('C19',0);
Insert into WALLETS (CLIENTID,BALANCE) values ('C21',0);
Insert into WALLETS (CLIENTID,BALANCE) values ('C29',0);
Insert into WALLETS (CLIENTID,BALANCE) values ('C30',0);
Insert into WALLETS (CLIENTID,BALANCE) values ('C17',0);
Insert into WALLETS (CLIENTID,BALANCE) values ('C22',0);
Insert into WALLETS (CLIENTID,BALANCE) values ('C23',0);
Insert into WALLETS (CLIENTID,BALANCE) values ('C24',0);
Insert into WALLETS (CLIENTID,BALANCE) values ('C25',0);
Insert into WALLETS (CLIENTID,BALANCE) values ('C26',0);
Insert into WALLETS (CLIENTID,BALANCE) values ('C28',19461024.7412);
Insert into WALLETS (CLIENTID,BALANCE) values ('C32',0);
Insert into WALLETS (CLIENTID,BALANCE) values ('C15',0);
Insert into WALLETS (CLIENTID,BALANCE) values ('C16',0);
Insert into WALLETS (CLIENTID,BALANCE) values ('C27',10845684248.3508);
Insert into WALLETS (CLIENTID,BALANCE) values ('C31',0);
Insert into WALLETS (CLIENTID,BALANCE) values ('C36',0);
Insert into WALLETS (CLIENTID,BALANCE) values ('C001',288154.2041);
Insert into WALLETS (CLIENTID,BALANCE) values ('C002',99981369521.93);
Insert into WALLETS (CLIENTID,BALANCE) values ('C003',5000.75);
Insert into WALLETS (CLIENTID,BALANCE) values ('C004',75000);
Insert into WALLETS (CLIENTID,BALANCE) values ('C005',100000);
Insert into WALLETS (CLIENTID,BALANCE) values ('C006',12000.25);
Insert into WALLETS (CLIENTID,BALANCE) values ('C007',3000);
Insert into WALLETS (CLIENTID,BALANCE) values ('C008',50000);
Insert into WALLETS (CLIENTID,BALANCE) values ('C009',250000);
Insert into WALLETS (CLIENTID,BALANCE) values ('C010',15000);
Insert into WALLETS (CLIENTID,BALANCE) values ('C060',42000);
Insert into WALLETS (CLIENTID,BALANCE) values ('C011',15000);
Insert into WALLETS (CLIENTID,BALANCE) values ('C13',0);
Insert into WALLETS (CLIENTID,BALANCE) values ('C14',0);
Insert into WALLETS (CLIENTID,BALANCE) values ('C20',9088.3225);
Insert into WALLETS (CLIENTID,BALANCE) values ('C33',0);
Insert into WALLETS (CLIENTID,BALANCE) values ('C34',0);
Insert into WALLETS (CLIENTID,BALANCE) values ('C35',0);
--------------------------------------------------------
--  DDL for Index SYS_C008361
--------------------------------------------------------

  CREATE UNIQUE INDEX "SYS_C008361" ON "CLIENT_IDENTIFICATIONS" ("ID") 
  PCTFREE 10 INITRANS 2 MAXTRANS 255 COMPUTE STATISTICS 
  STORAGE(INITIAL 65536 NEXT 1048576 MINEXTENTS 1 MAXEXTENTS 2147483645
  PCTINCREASE 0 FREELISTS 1 FREELIST GROUPS 1
  BUFFER_POOL DEFAULT FLASH_CACHE DEFAULT CELL_FLASH_CACHE DEFAULT)
  TABLESPACE "USERS" ;
--------------------------------------------------------
--  DDL for Index SYS_C008343
--------------------------------------------------------

  CREATE UNIQUE INDEX "SYS_C008343" ON "CLIENTS" ("CLIENTID") 
  PCTFREE 10 INITRANS 2 MAXTRANS 255 COMPUTE STATISTICS 
  STORAGE(INITIAL 65536 NEXT 1048576 MINEXTENTS 1 MAXEXTENTS 2147483645
  PCTINCREASE 0 FREELISTS 1 FREELIST GROUPS 1
  BUFFER_POOL DEFAULT FLASH_CACHE DEFAULT CELL_FLASH_CACHE DEFAULT)
  TABLESPACE "USERS" ;
--------------------------------------------------------
--  DDL for Index SYS_C008460
--------------------------------------------------------

  CREATE UNIQUE INDEX "SYS_C008460" ON "INCOME_CATEGORIES" ("ID") 
  PCTFREE 10 INITRANS 2 MAXTRANS 255 COMPUTE STATISTICS 
  STORAGE(INITIAL 65536 NEXT 1048576 MINEXTENTS 1 MAXEXTENTS 2147483645
  PCTINCREASE 0 FREELISTS 1 FREELIST GROUPS 1
  BUFFER_POOL DEFAULT FLASH_CACHE DEFAULT CELL_FLASH_CACHE DEFAULT)
  TABLESPACE "USERS" ;
--------------------------------------------------------
--  DDL for Index SYS_C008346
--------------------------------------------------------

  CREATE UNIQUE INDEX "SYS_C008346" ON "INSTRUMENTS" ("INSTRUMENTID") 
  PCTFREE 10 INITRANS 2 MAXTRANS 255 COMPUTE STATISTICS 
  STORAGE(INITIAL 65536 NEXT 1048576 MINEXTENTS 1 MAXEXTENTS 2147483645
  PCTINCREASE 0 FREELISTS 1 FREELIST GROUPS 1
  BUFFER_POOL DEFAULT FLASH_CACHE DEFAULT CELL_FLASH_CACHE DEFAULT)
  TABLESPACE "USERS" ;
--------------------------------------------------------
--  DDL for Index SYS_C008466
--------------------------------------------------------

  CREATE UNIQUE INDEX "SYS_C008466" ON "INVESTMENT_DURATIONS" ("ID") 
  PCTFREE 10 INITRANS 2 MAXTRANS 255 COMPUTE STATISTICS 
  STORAGE(INITIAL 65536 NEXT 1048576 MINEXTENTS 1 MAXEXTENTS 2147483645
  PCTINCREASE 0 FREELISTS 1 FREELIST GROUPS 1
  BUFFER_POOL DEFAULT FLASH_CACHE DEFAULT CELL_FLASH_CACHE DEFAULT)
  TABLESPACE "USERS" ;
--------------------------------------------------------
--  DDL for Index SYS_C008467
--------------------------------------------------------

  CREATE UNIQUE INDEX "SYS_C008467" ON "INVESTMENT_PREFERENCES" ("CLIENTID") 
  PCTFREE 10 INITRANS 2 MAXTRANS 255 COMPUTE STATISTICS 
  STORAGE(INITIAL 65536 NEXT 1048576 MINEXTENTS 1 MAXEXTENTS 2147483645
  PCTINCREASE 0 FREELISTS 1 FREELIST GROUPS 1
  BUFFER_POOL DEFAULT FLASH_CACHE DEFAULT CELL_FLASH_CACHE DEFAULT)
  TABLESPACE "USERS" ;
--------------------------------------------------------
--  DDL for Index SYS_C008463
--------------------------------------------------------

  CREATE UNIQUE INDEX "SYS_C008463" ON "INVESTMENT_PURPOSES" ("ID") 
  PCTFREE 10 INITRANS 2 MAXTRANS 255 COMPUTE STATISTICS 
  STORAGE(INITIAL 65536 NEXT 1048576 MINEXTENTS 1 MAXEXTENTS 2147483645
  PCTINCREASE 0 FREELISTS 1 FREELIST GROUPS 1
  BUFFER_POOL DEFAULT FLASH_CACHE DEFAULT CELL_FLASH_CACHE DEFAULT)
  TABLESPACE "USERS" ;
--------------------------------------------------------
--  DDL for Index SYS_C008347
--------------------------------------------------------

  CREATE UNIQUE INDEX "SYS_C008347" ON "ORDERS" ("ORDERID") 
  PCTFREE 10 INITRANS 2 MAXTRANS 255 COMPUTE STATISTICS 
  STORAGE(INITIAL 65536 NEXT 1048576 MINEXTENTS 1 MAXEXTENTS 2147483645
  PCTINCREASE 0 FREELISTS 1 FREELIST GROUPS 1
  BUFFER_POOL DEFAULT FLASH_CACHE DEFAULT CELL_FLASH_CACHE DEFAULT)
  TABLESPACE "USERS" ;
--------------------------------------------------------
--  DDL for Index SYS_C008374
--------------------------------------------------------

  CREATE UNIQUE INDEX "SYS_C008374" ON "PORTFOLIO_HOLDINGS" ("HOLDINGID") 
  PCTFREE 10 INITRANS 2 MAXTRANS 255 COMPUTE STATISTICS 
  STORAGE(INITIAL 65536 NEXT 1048576 MINEXTENTS 12121 MAXEXTENTS 2147483645
  PCTINCREASE 0 FREELISTS 1 FREELIST GROUPS 1
  BUFFER_POOL DEFAULT FLASH_CACHE DEFAULT CELL_FLASH_CACHE DEFAULT)
  TABLESPACE "USERS" ;
--------------------------------------------------------
--  DDL for Index SYS_C008356
--------------------------------------------------------

  CREATE UNIQUE INDEX "SYS_C008356" ON "PORTFOLIOS" ("CLIENTID") 
  PCTFREE 10 INITRANS 2 MAXTRANS 255 COMPUTE STATISTICS 
  STORAGE(INITIAL 65536 NEXT 1048576 MINEXTENTS 1 MAXEXTENTS 2147483645
  PCTINCREASE 0 FREELISTS 1 FREELIST GROUPS 1
  BUFFER_POOL DEFAULT FLASH_CACHE DEFAULT CELL_FLASH_CACHE DEFAULT)
  TABLESPACE "USERS" ;
--------------------------------------------------------
--  DDL for Index SYS_C008350
--------------------------------------------------------

  CREATE UNIQUE INDEX "SYS_C008350" ON "PRICES" ("INSTRUMENTID", "TIMESTAMP") 
  PCTFREE 10 INITRANS 2 MAXTRANS 255 COMPUTE STATISTICS 
  STORAGE(INITIAL 65536 NEXT 1048576 MINEXTENTS 1 MAXEXTENTS 2147483645
  PCTINCREASE 0 FREELISTS 1 FREELIST GROUPS 1
  BUFFER_POOL DEFAULT FLASH_CACHE DEFAULT CELL_FLASH_CACHE DEFAULT)
  TABLESPACE "USERS" ;
--------------------------------------------------------
--  DDL for Index SYS_C008332
--------------------------------------------------------

  CREATE UNIQUE INDEX "SYS_C008332" ON "RISK_TOLERANCES" ("ID") 
  PCTFREE 10 INITRANS 2 MAXTRANS 255 COMPUTE STATISTICS 
  STORAGE(INITIAL 65536 NEXT 1048576 MINEXTENTS 1 MAXEXTENTS 2147483645
  PCTINCREASE 0 FREELISTS 1 FREELIST GROUPS 1
  BUFFER_POOL DEFAULT FLASH_CACHE DEFAULT CELL_FLASH_CACHE DEFAULT)
  TABLESPACE "USERS" ;
--------------------------------------------------------
--  DDL for Index SYS_C008352
--------------------------------------------------------

  CREATE UNIQUE INDEX "SYS_C008352" ON "TRADES" ("TRADEID") 
  PCTFREE 10 INITRANS 2 MAXTRANS 255 COMPUTE STATISTICS 
  STORAGE(INITIAL 65536 NEXT 1048576 MINEXTENTS 1 MAXEXTENTS 2147483645
  PCTINCREASE 0 FREELISTS 1 FREELIST GROUPS 1
  BUFFER_POOL DEFAULT FLASH_CACHE DEFAULT CELL_FLASH_CACHE DEFAULT)
  TABLESPACE "USERS" ;
--------------------------------------------------------
--  DDL for Index SYS_C008344
--------------------------------------------------------

  CREATE UNIQUE INDEX "SYS_C008344" ON "WALLETS" ("CLIENTID") 
  PCTFREE 10 INITRANS 2 MAXTRANS 255 COMPUTE STATISTICS 
  STORAGE(INITIAL 65536 NEXT 1048576 MINEXTENTS 1 MAXEXTENTS 2147483645
  PCTINCREASE 0 FREELISTS 1 FREELIST GROUPS 1
  BUFFER_POOL DEFAULT FLASH_CACHE DEFAULT CELL_FLASH_CACHE DEFAULT)
  TABLESPACE "USERS" ;
--------------------------------------------------------
--  Constraints for Table CLIENT_IDENTIFICATIONS
--------------------------------------------------------

  ALTER TABLE "CLIENT_IDENTIFICATIONS" ADD PRIMARY KEY ("ID")
  USING INDEX PCTFREE 10 INITRANS 2 MAXTRANS 255 COMPUTE STATISTICS 
  STORAGE(INITIAL 65536 NEXT 1048576 MINEXTENTS 1 MAXEXTENTS 2147483645
  PCTINCREASE 0 FREELISTS 1 FREELIST GROUPS 1
  BUFFER_POOL DEFAULT FLASH_CACHE DEFAULT CELL_FLASH_CACHE DEFAULT)
  TABLESPACE "USERS"  ENABLE;
--------------------------------------------------------
--  Constraints for Table CLIENTS
--------------------------------------------------------

  ALTER TABLE "CLIENTS" ADD PRIMARY KEY ("CLIENTID")
  USING INDEX PCTFREE 10 INITRANS 2 MAXTRANS 255 COMPUTE STATISTICS 
  STORAGE(INITIAL 65536 NEXT 1048576 MINEXTENTS 1 MAXEXTENTS 2147483645
  PCTINCREASE 0 FREELISTS 1 FREELIST GROUPS 1
  BUFFER_POOL DEFAULT FLASH_CACHE DEFAULT CELL_FLASH_CACHE DEFAULT)
  TABLESPACE "USERS"  ENABLE;
--------------------------------------------------------
--  Constraints for Table INCOME_CATEGORIES
--------------------------------------------------------

  ALTER TABLE "INCOME_CATEGORIES" MODIFY ("ID" NOT NULL ENABLE);
  ALTER TABLE "INCOME_CATEGORIES" MODIFY ("RANGE" NOT NULL ENABLE);
  ALTER TABLE "INCOME_CATEGORIES" ADD PRIMARY KEY ("ID")
  USING INDEX PCTFREE 10 INITRANS 2 MAXTRANS 255 COMPUTE STATISTICS 
  STORAGE(INITIAL 65536 NEXT 1048576 MINEXTENTS 1 MAXEXTENTS 2147483645
  PCTINCREASE 0 FREELISTS 1 FREELIST GROUPS 1
  BUFFER_POOL DEFAULT FLASH_CACHE DEFAULT CELL_FLASH_CACHE DEFAULT)
  TABLESPACE "USERS"  ENABLE;
--------------------------------------------------------
--  Constraints for Table INSTRUMENTS
--------------------------------------------------------

  ALTER TABLE "INSTRUMENTS" ADD PRIMARY KEY ("INSTRUMENTID")
  USING INDEX PCTFREE 10 INITRANS 2 MAXTRANS 255 COMPUTE STATISTICS 
  STORAGE(INITIAL 65536 NEXT 1048576 MINEXTENTS 1 MAXEXTENTS 2147483645
  PCTINCREASE 0 FREELISTS 1 FREELIST GROUPS 1
  BUFFER_POOL DEFAULT FLASH_CACHE DEFAULT CELL_FLASH_CACHE DEFAULT)
  TABLESPACE "USERS"  ENABLE;
--------------------------------------------------------
--  Constraints for Table INVESTMENT_DURATIONS
--------------------------------------------------------

  ALTER TABLE "INVESTMENT_DURATIONS" MODIFY ("ID" NOT NULL ENABLE);
  ALTER TABLE "INVESTMENT_DURATIONS" MODIFY ("DURATION" NOT NULL ENABLE);
  ALTER TABLE "INVESTMENT_DURATIONS" ADD PRIMARY KEY ("ID")
  USING INDEX PCTFREE 10 INITRANS 2 MAXTRANS 255 COMPUTE STATISTICS 
  STORAGE(INITIAL 65536 NEXT 1048576 MINEXTENTS 1 MAXEXTENTS 2147483645
  PCTINCREASE 0 FREELISTS 1 FREELIST GROUPS 1
  BUFFER_POOL DEFAULT FLASH_CACHE DEFAULT CELL_FLASH_CACHE DEFAULT)
  TABLESPACE "USERS"  ENABLE;
--------------------------------------------------------
--  Constraints for Table INVESTMENT_PREFERENCES
--------------------------------------------------------

  ALTER TABLE "INVESTMENT_PREFERENCES" ADD PRIMARY KEY ("CLIENTID")
  USING INDEX PCTFREE 10 INITRANS 2 MAXTRANS 255 COMPUTE STATISTICS 
  STORAGE(INITIAL 65536 NEXT 1048576 MINEXTENTS 1 MAXEXTENTS 2147483645
  PCTINCREASE 0 FREELISTS 1 FREELIST GROUPS 1
  BUFFER_POOL DEFAULT FLASH_CACHE DEFAULT CELL_FLASH_CACHE DEFAULT)
  TABLESPACE "USERS"  ENABLE;
--------------------------------------------------------
--  Constraints for Table INVESTMENT_PURPOSES
--------------------------------------------------------

  ALTER TABLE "INVESTMENT_PURPOSES" MODIFY ("ID" NOT NULL ENABLE);
  ALTER TABLE "INVESTMENT_PURPOSES" MODIFY ("PURPOSE" NOT NULL ENABLE);
  ALTER TABLE "INVESTMENT_PURPOSES" ADD PRIMARY KEY ("ID")
  USING INDEX PCTFREE 10 INITRANS 2 MAXTRANS 255 COMPUTE STATISTICS 
  STORAGE(INITIAL 65536 NEXT 1048576 MINEXTENTS 1 MAXEXTENTS 2147483645
  PCTINCREASE 0 FREELISTS 1 FREELIST GROUPS 1
  BUFFER_POOL DEFAULT FLASH_CACHE DEFAULT CELL_FLASH_CACHE DEFAULT)
  TABLESPACE "USERS"  ENABLE;
--------------------------------------------------------
--  Constraints for Table ORDERS
--------------------------------------------------------

  ALTER TABLE "ORDERS" ADD PRIMARY KEY ("ORDERID")
  USING INDEX PCTFREE 10 INITRANS 2 MAXTRANS 255 COMPUTE STATISTICS 
  STORAGE(INITIAL 65536 NEXT 1048576 MINEXTENTS 1 MAXEXTENTS 2147483645
  PCTINCREASE 0 FREELISTS 1 FREELIST GROUPS 1
  BUFFER_POOL DEFAULT FLASH_CACHE DEFAULT CELL_FLASH_CACHE DEFAULT)
  TABLESPACE "USERS"  ENABLE;
--------------------------------------------------------
--  Constraints for Table PORTFOLIO_HOLDINGS
--------------------------------------------------------

  ALTER TABLE "PORTFOLIO_HOLDINGS" MODIFY ("HOLDINGID" NOT NULL ENABLE);
  ALTER TABLE "PORTFOLIO_HOLDINGS" ADD PRIMARY KEY ("HOLDINGID")
  USING INDEX PCTFREE 10 INITRANS 2 MAXTRANS 255 COMPUTE STATISTICS 
  STORAGE(INITIAL 65536 NEXT 1048576 MINEXTENTS 1 MAXEXTENTS 2147483645
  PCTINCREASE 0 FREELISTS 1 FREELIST GROUPS 1
  BUFFER_POOL DEFAULT FLASH_CACHE DEFAULT CELL_FLASH_CACHE DEFAULT)
  TABLESPACE "USERS"  ENABLE;
--------------------------------------------------------
--  Constraints for Table PORTFOLIOS
--------------------------------------------------------

  ALTER TABLE "PORTFOLIOS" ADD PRIMARY KEY ("CLIENTID")
  USING INDEX PCTFREE 10 INITRANS 2 MAXTRANS 255 COMPUTE STATISTICS 
  STORAGE(INITIAL 65536 NEXT 1048576 MINEXTENTS 1 MAXEXTENTS 2147483645
  PCTINCREASE 0 FREELISTS 1 FREELIST GROUPS 1
  BUFFER_POOL DEFAULT FLASH_CACHE DEFAULT CELL_FLASH_CACHE DEFAULT)
  TABLESPACE "USERS"  ENABLE;
--------------------------------------------------------
--  Constraints for Table PRICES
--------------------------------------------------------

  ALTER TABLE "PRICES" ADD PRIMARY KEY ("INSTRUMENTID", "TIMESTAMP")
  USING INDEX PCTFREE 10 INITRANS 2 MAXTRANS 255 COMPUTE STATISTICS 
  STORAGE(INITIAL 65536 NEXT 1048576 MINEXTENTS 1 MAXEXTENTS 2147483645
  PCTINCREASE 0 FREELISTS 1 FREELIST GROUPS 1
  BUFFER_POOL DEFAULT FLASH_CACHE DEFAULT CELL_FLASH_CACHE DEFAULT)
  TABLESPACE "USERS"  ENABLE;
--------------------------------------------------------
--  Constraints for Table RISK_TOLERANCES
--------------------------------------------------------

  ALTER TABLE "RISK_TOLERANCES" MODIFY ("ID" NOT NULL ENABLE);
  ALTER TABLE "RISK_TOLERANCES" MODIFY ("NAME" NOT NULL ENABLE);
  ALTER TABLE "RISK_TOLERANCES" ADD PRIMARY KEY ("ID")
  USING INDEX PCTFREE 10 INITRANS 2 MAXTRANS 255 COMPUTE STATISTICS 
  STORAGE(INITIAL 65536 NEXT 1048576 MINEXTENTS 1 MAXEXTENTS 2147483645
  PCTINCREASE 0 FREELISTS 1 FREELIST GROUPS 1
  BUFFER_POOL DEFAULT FLASH_CACHE DEFAULT CELL_FLASH_CACHE DEFAULT)
  TABLESPACE "USERS"  ENABLE;
--------------------------------------------------------
--  Constraints for Table TRADES
--------------------------------------------------------

  ALTER TABLE "TRADES" ADD PRIMARY KEY ("TRADEID")
  USING INDEX PCTFREE 10 INITRANS 2 MAXTRANS 255 COMPUTE STATISTICS 
  STORAGE(INITIAL 65536 NEXT 1048576 MINEXTENTS 1 MAXEXTENTS 2147483645
  PCTINCREASE 0 FREELISTS 1 FREELIST GROUPS 1
  BUFFER_POOL DEFAULT FLASH_CACHE DEFAULT CELL_FLASH_CACHE DEFAULT)
  TABLESPACE "USERS"  ENABLE;
--------------------------------------------------------
--  Constraints for Table WALLETS
--------------------------------------------------------

  ALTER TABLE "WALLETS" ADD PRIMARY KEY ("CLIENTID")
  USING INDEX PCTFREE 10 INITRANS 2 MAXTRANS 255 COMPUTE STATISTICS 
  STORAGE(INITIAL 65536 NEXT 1048576 MINEXTENTS 1 MAXEXTENTS 2147483645
  PCTINCREASE 0 FREELISTS 1 FREELIST GROUPS 1
  BUFFER_POOL DEFAULT FLASH_CACHE DEFAULT CELL_FLASH_CACHE DEFAULT)
  TABLESPACE "USERS"  ENABLE;
--------------------------------------------------------
--  Ref Constraints for Table CLIENT_IDENTIFICATIONS
--------------------------------------------------------

  ALTER TABLE "CLIENT_IDENTIFICATIONS" ADD CONSTRAINT "FK_CI_CLIENTS" FOREIGN KEY ("CLIENTID")
	  REFERENCES "CLIENTS" ("CLIENTID") ENABLE;
--------------------------------------------------------
--  Ref Constraints for Table INVESTMENT_PREFERENCES
--------------------------------------------------------

  ALTER TABLE "INVESTMENT_PREFERENCES" ADD CONSTRAINT "FK_IP_CLIENTS" FOREIGN KEY ("CLIENTID")
	  REFERENCES "CLIENTS" ("CLIENTID") ENABLE;
  ALTER TABLE "INVESTMENT_PREFERENCES" ADD CONSTRAINT "FK_IP_INVESTMENT_PURPOSE" FOREIGN KEY ("INVESTMENT_PURPOSE_ID")
	  REFERENCES "INVESTMENT_PURPOSES" ("ID") ENABLE;
  ALTER TABLE "INVESTMENT_PREFERENCES" ADD CONSTRAINT "FK_IP_RISK_TOLERANCE" FOREIGN KEY ("RISK_TOLERANCE_ID")
	  REFERENCES "RISK_TOLERANCES" ("ID") ENABLE;
  ALTER TABLE "INVESTMENT_PREFERENCES" ADD CONSTRAINT "FK_IP_INCOME_CATEGORY" FOREIGN KEY ("INCOME_CATEGORY_ID")
	  REFERENCES "INCOME_CATEGORIES" ("ID") ENABLE;
  ALTER TABLE "INVESTMENT_PREFERENCES" ADD CONSTRAINT "FK_IP_INVESTMENT_DURATION" FOREIGN KEY ("INVESTMENT_DURATION_ID")
	  REFERENCES "INVESTMENT_DURATIONS" ("ID") ENABLE;
--------------------------------------------------------
--  Ref Constraints for Table ORDERS
--------------------------------------------------------

  ALTER TABLE "ORDERS" ADD CONSTRAINT "FK_ORDERS_INSTRUMENTS" FOREIGN KEY ("INSTRUMENTID")
	  REFERENCES "INSTRUMENTS" ("INSTRUMENTID") ENABLE;
  ALTER TABLE "ORDERS" ADD CONSTRAINT "FK_ORDERS_CLIENTS" FOREIGN KEY ("CLIENTID")
	  REFERENCES "CLIENTS" ("CLIENTID") ENABLE;
--------------------------------------------------------
--  Ref Constraints for Table PORTFOLIO_HOLDINGS
--------------------------------------------------------

  ALTER TABLE "PORTFOLIO_HOLDINGS" ADD CONSTRAINT "FK_PH_PORTFOLIOS" FOREIGN KEY ("PORTFOLIOID")
	  REFERENCES "PORTFOLIOS" ("CLIENTID") ENABLE;
  ALTER TABLE "PORTFOLIO_HOLDINGS" ADD CONSTRAINT "FK_PH_INSTRUMENTS" FOREIGN KEY ("INSTRUMENTID")
	  REFERENCES "INSTRUMENTS" ("INSTRUMENTID") ENABLE;
--------------------------------------------------------
--  Ref Constraints for Table PORTFOLIOS
--------------------------------------------------------
  ALTER TABLE "PORTFOLIOS" ADD CONSTRAINT "FK_PORTFOLIOS_CLIENTS" FOREIGN KEY ("CLIENTID")
	  REFERENCES "CLIENTS" ("CLIENTID") ENABLE;
--------------------------------------------------------
--  Ref Constraints for Table PRICES
--------------------------------------------------------

  ALTER TABLE "PRICES" ADD CONSTRAINT "FK_PRICES_INSTRUMENTS" FOREIGN KEY ("INSTRUMENTID")
	  REFERENCES "INSTRUMENTS" ("INSTRUMENTID") ENABLE;
--------------------------------------------------------
--  Ref Constraints for Table TRADES
--------------------------------------------------------

  ALTER TABLE "TRADES" ADD CONSTRAINT "FK_TRADES_INSTRUMENTS" FOREIGN KEY ("INSTRUMENTID")
	  REFERENCES "INSTRUMENTS" ("INSTRUMENTID") ENABLE;
  ALTER TABLE "TRADES" ADD CONSTRAINT "FK_TRADES_CLIENTS" FOREIGN KEY ("CLIENTID")
	  REFERENCES "CLIENTS" ("CLIENTID") ENABLE;
  ALTER TABLE "TRADES" ADD CONSTRAINT "FK_TRADES_ORDERS" FOREIGN KEY ("ORDERID")
	  REFERENCES "ORDERS" ("ORDERID") ENABLE;
--------------------------------------------------------
--  Ref Constraints for Table WALLETS
--------------------------------------------------------

  ALTER TABLE "WALLETS" ADD CONSTRAINT "FK_WALLETS_CLIENTS" FOREIGN KEY ("CLIENTID")
	  REFERENCES "CLIENTS" ("CLIENTID") ENABLE;

